backup_relative_path,classification,segment_count,squarespace_full_url,og_title,continent_segment,suggested_country_slug,suggested_place_slug,final_continent_slug,final_country_slug,final_place_slug,notes
2019-seeing-sweden.html,root_misc,1,,,,,,,,,
_/cdn.embedly.com/widgets/media169c.html,root_misc,4,,,,,,,,,
_/cdn.embedly.com/widgets/media289d.html,root_misc,4,,,,,,,,,
_/cdn.embedly.com/widgets/media303f.html,root_misc,4,,A Tog's Trek,,,,,,,
_/cdn.embedly.com/widgets/media4c07.html,root_misc,4,,A Tog's Trek,,,,,,,
_/cdn.embedly.com/widgets/media4e6d.html,root_misc,4,,,,,,,,,
_/cdn.embedly.com/widgets/media6528.html,root_misc,4,,A Tog's Trek,,,,,,,
_/cdn.embedly.com/widgets/media6fba.html,root_misc,4,,A Tog's Trek,,,,,,,
_/cdn.embedly.com/widgets/media8d5b.html,root_misc,4,,A Tog's Trek,,,,,,,
_/cdn.embedly.com/widgets/media97a4.html,root_misc,4,,,,,,,,,
_/cdn.embedly.com/widgets/mediaa7f6.html,root_misc,4,,,,,,,,,
_/cdn.embedly.com/widgets/mediab6f6.html,root_misc,4,,,,,,,,,
_/cdn.embedly.com/widgets/mediade49.html,root_misc,4,,,,,,,,,
_/cdn.embedly.com/widgets/mediadfaf.html,root_misc,4,,,,,,,,,
_/cdn.embedly.com/widgets/mediae31a.html,root_misc,4,,A Tog's Trek,,,,,,,
_https_/www.youtube.com/embed/3txikyUwYDE6b6f.html,noise_https,4,,A Tog's Trek,,,,,,,
_https_/www.youtube.com/embed/5shTzbS21986b6f.html,noise_https,4,,,,,,,,,
_https_/www.youtube.com/embed/Exb5qk0CVXU6b6f.html,noise_https,4,,A Tog's Trek,,,,,,,
_https_/www.youtube.com/embed/TLXGDBBwTX86b6f.html,noise_https,4,,,,,,,,,
_https_/www.youtube.com/embed/UOoLu6DD70s6b6f.html,noise_https,4,,A Tog's Trek,,,,,,,
_https_/www.youtube.com/embed/XQvQuxbEaiE6b6f.html,noise_https,4,,,,,,,,,
_https_/www.youtube.com/embed/alHATrZFIkM6b6f.html,noise_https,4,,A Tog's Trek,,,,,,,
_https_/www.youtube.com/embed/bZTCOZnAIUY6b6f.html,noise_https,4,,A Tog's Trek,,,,,,,
_https_/www.youtube.com/embed/e1dl06Q9hAU6b6f.html,noise_https,4,,,,,,,,,
_https_/www.youtube.com/embed/epK2FZLesJI6b6f.html,noise_https,4,,,,,,,,,
_https_/www.youtube.com/embed/gJ9P4Yz4Ft06b6f.html,noise_https,4,,A Tog's Trek,,,,,,,
_https_/www.youtube.com/embed/qOhK1HZr6TU6b6f.html,noise_https,4,,A Tog's Trek,,,,,,,
_https_/www.youtube.com/embed/qhkh_ZPj1Zs6b6f.html,noise_https,4,,,,,,,,,
_https_/www.youtube.com/embed/t8h-RIh4IJg6b6f.html,noise_https,4,,,,,,,,,
_https_/www.youtube.com/embed/vdp4RIzCG5U6b6f.html,noise_https,4,,,,,,,,,
about.html,root_misc,1,/about,About | Explore My Journey Now — A Tog's Trek,,,,,,,
adventures/2008-istanbul.html,adventures,2,/adventures,2008: Istanbul — A Tog's Trek,,,,,,,
adventures/2009-thailand.html,adventures,2,/adventures,2009: Thailand — A Tog's Trek,,,,,,,
adventures/2010-i-left-my-stock-in-sacramento.html,adventures,2,/adventures,2010: I Left My Stock in Sacramento — A Tog's Trek,,,,,,,
adventures/2011-travelling-through-nepal.html,adventures,2,/adventures,2011: Travelling through Nepal — A Tog's Trek,,,,,,,
adventures/2012-gorillas-in-the-mud.html,adventures,2,/adventures,2012: Gorillas in the Mud — A Tog's Trek,,,,,,,
adventures/2013-boarding-in-bansko.html,adventures,2,/adventures,2013: Boarding in Bansko — A Tog's Trek,,,,,,,
adventures/2013-silent-cities-and-blue-lagoons.html,adventures,2,/adventures,2013: Silent Cities and Blue Lagoons — A Tog's Trek,,,,,,,
adventures/2014-tagine-dreams.html,adventures,2,/adventures,2014: Tagine Dreams — A Tog's Trek,,,,,,,
adventures/2016-casablanca.html,adventures,2,/adventures,2016: Casablanca — A Tog's Trek,,,,,,,
adventures/2017-pura-vida.html,adventures,2,/adventures,2017: Pura Vida — A Tog's Trek,,,,,,,
adventures/2018-12-cities-in-12-months.html,adventures,2,/adventures,2018: 12 Cities in 12 Months — A Tog's Trek,,,,,,,
adventures/2018-alpine-adventure.html,adventures,2,/adventures,2018: Alpine Adventure — A Tog's Trek,,,,,,,
adventures/2018-bedouin-stars.html,adventures,2,/adventures,2018: Bedouin Stars — A Tog's Trek,,,,,,,
adventures/2019-chasing-the-beagle.html,adventures,2,/adventures,2019: Chasing the Beagle - Ecuador & the Galapagos Islands — A Tog's Trek,,,,,,,
adventures/2019-seeing-sweden.html,adventures,2,/adventures,2019: Seeing Sweden — A Tog's Trek,,,,,,,
adventures/2020-443-kilometres.html,adventures,2,/adventures,2020: 443 Kilometres - Hiking Kungsleden — A Tog's Trek,,,,,,,
adventures/2020-the-end-of-the-world.html,adventures,2,/adventures,2020: The End of the World - Exploring Antarctica — A Tog's Trek,,,,,,,
adventures/2021-pink-streets-blue-tiles.html,adventures,2,/adventures,2021: Pink Streets & Blue Tiles — A Tog's Trek,,,,,,,
adventures/2022-ruins-of-central-america.html,adventures,2,/adventures,2022: Ruins of Central America — A Tog's Trek,,,,,,,
adventures/2022-the-roof-of-africa.html,adventures,2,/adventures,"2020: The Roof Of Africa - Climbing Kilimanjaro, Serengeti Safari & Zanzibar — A Tog's Trek",,,,,,,
adventures/2023-hulduflk.html,adventures,2,/adventures,2023: Huldufólk — A Tog's Trek,,,,,,,
adventures.html,root_misc,1,/adventures,Exploration & Adventure — A Tog's Trek,,,,,,,
africa/benin/cotonou.html,continent_place_candidate,3,/africa,Cotonou — A Tog's Trek,africa,benin,cotonou,,,,
africa/cameroon/douala.html,continent_place_candidate,3,/africa,Douala — A Tog's Trek,africa,cameroon,douala,,,,
africa/category/Benin.html,category,3,/africa,Benin — Explore Africa — A Tog's Trek,africa,,,,,,
africa/category/Cameroon.html,category,3,/africa,Cameroon — Explore Africa — A Tog's Trek,africa,,,,,,
africa/category/Egypt.html,category,3,/africa,Egypt — Explore Africa — A Tog's Trek,africa,,,,,,
africa/category/Ghana.html,category,3,/africa,Ghana — Explore Africa — A Tog's Trek,africa,,,,,,
africa/category/Kenya.html,category,3,/africa,Kenya — Explore Africa — A Tog's Trek,africa,,,,,,
africa/category/Morocco.html,category,3,/africa,Morocco — Explore Africa — A Tog's Trek,africa,,,,,,
africa/category/Nigeria.html,category,3,/africa,Nigeria — Explore Africa — A Tog's Trek,africa,,,,,,
africa/category/Tanzania.html,category,3,/africa,Tanzania — Explore Africa — A Tog's Trek,africa,,,,,,
africa/category/Tunisia.html,category,3,/africa,Tunisia — Explore Africa — A Tog's Trek,africa,,,,,,
africa/category/Uganda.html,category,3,/africa,Uganda — Explore Africa — A Tog's Trek,africa,,,,,,
africa/egypt/aswan.html,continent_place_candidate,3,/africa,Aswan — A Tog's Trek,africa,egypt,aswan,,,,
africa/egypt/edfu.html,continent_place_candidate,3,/africa,Edfu — A Tog's Trek,africa,egypt,edfu,,,,
africa/egypt/luxor.html,continent_place_candidate,3,/africa,Luxor — A Tog's Trek,africa,egypt,luxor,,,,
africa/ghana/accra.html,continent_place_candidate,3,/africa,Accra — A Tog's Trek,africa,ghana,accra,,,,
africa/kenya/eldoret.html,continent_place_candidate,3,/africa,Eldoret — A Tog's Trek,africa,kenya,eldoret,,,,
africa/kenya/nairobi.html,continent_place_candidate,3,/africa,Nairobi — A Tog's Trek,africa,kenya,nairobi,,,,
africa/kenya/nakuru.html,continent_place_candidate,3,/africa,Nakuru — A Tog's Trek,africa,kenya,nakuru,,,,
africa/morocco/agadir.html,continent_place_candidate,3,/africa,Agadir — A Tog's Trek,africa,morocco,agadir,,,,
africa/morocco/casablanca.html,continent_place_candidate,3,/africa,Casablanca — A Tog's Trek,africa,morocco,casablanca,,,,
africa/morocco/marrakech.html,continent_place_candidate,3,/africa,Marrakech — A Tog's Trek,africa,morocco,marrakech,,,,
africa/morocco/rabat.html,continent_place_candidate,3,/africa,Rabat — A Tog's Trek,africa,morocco,rabat,,,,
africa/nigeria/apapa.html,continent_place_candidate,3,/africa,Apapa — A Tog's Trek,africa,nigeria,apapa,,,,
africa/tag/Accra.html,tag,3,/africa,Accra — Explore Africa — A Tog's Trek,africa,,,,,,
africa/tag/Agadir.html,tag,3,/africa,Agadir — Explore Africa — A Tog's Trek,africa,,,,,,
africa/tag/Apapa.html,tag,3,/africa,Apapa — Explore Africa — A Tog's Trek,africa,,,,,,
africa/tag/Aswan.html,tag,3,/africa,Aswan — Explore Africa — A Tog's Trek,africa,,,,,,
africa/tag/Barranco+Wall.html,tag,3,/africa,Barranco Wall — Explore Africa — A Tog's Trek,africa,,,,,,
africa/tag/Bwindi+Impenetrable+Forest.html,tag,3,/africa,Bwindi Impenetrable Forest — Explore Africa — A Tog's Trek,africa,,,,,,
africa/tag/Casablanca.html,tag,3,/africa,Casablanca — Explore Africa — A Tog's Trek,africa,,,,,,
africa/tag/Cotonou.html,tag,3,/africa,Cotonou — Explore Africa — A Tog's Trek,africa,,,,,,
africa/tag/Douala.html,tag,3,/africa,Douala — Explore Africa — A Tog's Trek,africa,,,,,,
africa/tag/Edfu.html,tag,3,/africa,Edfu — Explore Africa — A Tog's Trek,africa,,,,,,
africa/tag/Eldoret.html,tag,3,/africa,Eldoret — Explore Africa — A Tog's Trek,africa,,,,,,
africa/tag/Jinja.html,tag,3,/africa,Jinja — Explore Africa — A Tog's Trek,africa,,,,,,
africa/tag/Kampala.html,tag,3,/africa,Kampala — Explore Africa — A Tog's Trek,africa,,,,,,
africa/tag/Kasese.html,tag,3,/africa,Kasese — Explore Africa — A Tog's Trek,africa,,,,,,
africa/tag/Kendwa+Rocks+Hotel+&+Spa.html,tag,3,/africa,Kendwa Rocks Hotel & Spa — Explore Africa — A Tog's Trek,africa,,,,,,
africa/tag/Kendwa+Rocks.html,tag,3,/africa,Kendwa Rocks — Explore Africa — A Tog's Trek,africa,,,,,,
africa/tag/Kendwa.html,tag,3,/africa,Kendwa — Explore Africa — A Tog's Trek,africa,,,,,,
africa/tag/Kilimanjaro.html,tag,3,/africa,Kilimanjaro — Explore Africa — A Tog's Trek,africa,,,,,,
africa/tag/Lagos.html,tag,3,/africa,Lagos — Explore Africa — A Tog's Trek,africa,,,,,,
africa/tag/Lake+Bunyoni.html,tag,3,/africa,Lake Bunyoni — Explore Africa — A Tog's Trek,africa,,,,,,
africa/tag/Lake+Manyara.html,tag,3,/africa,Lake Manyara — Explore Africa — A Tog's Trek,africa,,,,,,
africa/tag/Lake+Mburo.html,tag,3,/africa,Lake Mburo — Explore Africa — A Tog's Trek,africa,,,,,,
africa/tag/Lake+Nakuru+National+Park.html,tag,3,/africa,Lake Nakuru National Park — Explore Africa — A Tog's Trek,africa,,,,,,
africa/tag/Luxor.html,tag,3,/africa,Luxor — Explore Africa — A Tog's Trek,africa,,,,,,
africa/tag/Machame+Route.html,tag,3,/africa,Machame Route — Explore Africa — A Tog's Trek,africa,,,,,,
africa/tag/Machame.html,tag,3,/africa,Machame — Explore Africa — A Tog's Trek,africa,,,,,,
africa/tag/Malaika+Tattoo+Zanzibar.html,tag,3,/africa,Malaika Tattoo Zanzibar — Explore Africa — A Tog's Trek,africa,,,,,,
africa/tag/Marrakech.html,tag,3,/africa,Marrakech — Explore Africa — A Tog's Trek,africa,,,,,,
africa/tag/Moshi+Mamas.html,tag,3,/africa,Moshi Mamas — Explore Africa — A Tog's Trek,africa,,,,,,
africa/tag/Moshi.html,tag,3,/africa,Moshi — Explore Africa — A Tog's Trek,africa,,,,,,
africa/tag/Mt+Kilimanjaro.html,tag,3,/africa,Mt Kilimanjaro — Explore Africa — A Tog's Trek,africa,,,,,,
africa/tag/Nairobi.html,tag,3,/africa,Nairobi — Explore Africa — A Tog's Trek,africa,,,,,,
africa/tag/Nakuru.html,tag,3,/africa,Nakuru — Explore Africa — A Tog's Trek,africa,,,,,,
africa/tag/National+Park.html,tag,3,/africa,National Park — Explore Africa — A Tog's Trek,africa,,,,,,
africa/tag/Ngorongoro+Crater.html,tag,3,/africa,Ngorongoro Crater — Explore Africa — A Tog's Trek,africa,,,,,,
africa/tag/Nile.html,tag,3,/africa,Nile — Explore Africa — A Tog's Trek,africa,,,,,,
africa/tag/Nubian.html,tag,3,/africa,Nubian — Explore Africa — A Tog's Trek,africa,,,,,,
africa/tag/Queen+Elizabeth+National+Park.html,tag,3,/africa,Queen Elizabeth National Park — Explore Africa — A Tog's Trek,africa,,,,,,
africa/tag/Rabat.html,tag,3,/africa,Rabat — Explore Africa — A Tog's Trek,africa,,,,,,
africa/tag/Rhino.html,tag,3,/africa,Rhino — Explore Africa — A Tog's Trek,africa,,,,,,
africa/tag/Ruins.html,tag,3,/africa,Ruins — Explore Africa — A Tog's Trek,africa,,,,,,
africa/tag/Safari.html,tag,3,/africa,Safari — Explore Africa — A Tog's Trek,africa,,,,,,
africa/tag/Souk.html,tag,3,/africa,Souk — Explore Africa — A Tog's Trek,africa,,,,,,
africa/tag/Stella+Maris+Executive+Lodge.html,tag,3,/africa,Stella Maris Executive Lodge — Explore Africa — A Tog's Trek,africa,,,,,,
africa/tag/Stella+Maris.html,tag,3,/africa,Stella Maris — Explore Africa — A Tog's Trek,africa,,,,,,
africa/tag/Stone+Town.html,tag,3,/africa,Stone Town — Explore Africa — A Tog's Trek,africa,,,,,,
africa/tag/TT+Casablanca.html,tag,3,/africa,TT Casablanca — Explore Africa — A Tog's Trek,africa,,,,,,
africa/tag/TT+Gorillas.html,tag,3,/africa,TT Gorillas — Explore Africa — A Tog's Trek,africa,,,,,,
africa/tag/TT+Marrakech.html,tag,3,/africa,TT Marrakech — Explore Africa — A Tog's Trek,africa,,,,,,
africa/tag/TT+Roof+of+Africa.html,tag,3,/africa,TT Roof of Africa — Explore Africa — A Tog's Trek,africa,,,,,,
africa/tag/Temple+of+Horus.html,tag,3,/africa,Temple of Horus — Explore Africa — A Tog's Trek,africa,,,,,,
africa/tag/Tunis.html,tag,3,/africa,Tunis — Explore Africa — A Tog's Trek,africa,,,,,,
africa/tag/Whiskey+Route.html,tag,3,/africa,Whiskey Route — Explore Africa — A Tog's Trek,africa,,,,,,
africa/tag/Whisky+Route.html,tag,3,/africa,Whisky Route — Explore Africa — A Tog's Trek,africa,,,,,,
africa/tag/White+Water+Rafting.html,tag,3,/africa,White Water Rafting — Explore Africa — A Tog's Trek,africa,,,,,,
africa/tag/Zanzibar.html,tag,3,/africa,Zanzibar — Explore Africa — A Tog's Trek,africa,,,,,,
africa/tanzania/arusha.html,continent_place_candidate,3,/africa,Arusha — A Tog's Trek,africa,tanzania,arusha,,,,
africa/tanzania/kendwa.html,continent_place_candidate,3,/africa,"Kendwa Beach, Zanzibar — A Tog's Trek",africa,tanzania,kendwa,,,,
africa/tanzania/lake-manyara.html,continent_place_candidate,3,/africa,Lake Manayara — A Tog's Trek,africa,tanzania,lake-manyara,,,,
africa/tanzania/moshi.html,continent_place_candidate,3,/africa,Moshi - Gateway to Kilimanjaro — A Tog's Trek,africa,tanzania,moshi,,,,
africa/tanzania/mt-kilimanjaro.html,continent_place_candidate,3,/africa,Hiking the Machame Route to Kilimanjaro's summit — A Tog's Trek,africa,tanzania,mt-kilimanjaro,,,,
africa/tanzania/mto-wa-mbu.html,continent_place_candidate,3,/africa,Mto Wa Mbu — A Tog's Trek,africa,tanzania,mto-wa-mbu,,,,
africa/tanzania/ngorongoro-crater.html,continent_place_candidate,3,/africa,Ngorongoro Crater — A Tog's Trek,africa,tanzania,ngorongoro-crater,,,,
africa/tanzania/serengeti-national-park.html,continent_place_candidate,3,/africa,Safaris in the Serengeti National Park — A Tog's Trek,africa,tanzania,serengeti-national-park,,,,
africa/tanzania/zanzibar/stone-town.html,continent_place_candidate,4,/africa,Stone Town — A Tog's Trek,africa,tanzania,stone-town,,,,
africa/tunisia/tunis.html,continent_place_candidate,3,/africa,Tunis — A Tog's Trek,africa,tunisia,tunis,,,,
africa/uganda/bwindi-impenetrable-forest-national-park.html,continent_place_candidate,3,/africa,Bwindi Impenetrable Forest — A Tog's Trek,africa,uganda,bwindi-impenetrable-forest-national-park,,,,
africa/uganda/jinja.html,continent_place_candidate,3,/africa,Jinja — A Tog's Trek,africa,uganda,jinja,,,,
africa/uganda/kampala.html,continent_place_candidate,3,/africa,Kampala — A Tog's Trek,africa,uganda,kampala,,,,
africa/uganda/kasese.html,continent_place_candidate,3,/africa,Kasese — A Tog's Trek,africa,uganda,kasese,,,,
africa/uganda/lake-bunyoni.html,continent_place_candidate,3,/africa,Lake Bunyoni — A Tog's Trek,africa,uganda,lake-bunyoni,,,,
africa/uganda/lake-mburo.html,continent_place_candidate,3,/africa,Lake Mburo — A Tog's Trek,africa,uganda,lake-mburo,,,,
africa.html,root_misc,1,/africa,Explore Africa — A Tog's Trek,africa,,,,,,
africa63da.html,root_misc,1,/africa,Explore Africa — A Tog's Trek,,,,,,,
africabbd3.html,root_misc,1,/africa,Explore Africa — A Tog's Trek,,,,,,,
africac522.html,root_misc,1,/africa,Explore Africa — A Tog's Trek,,,,,,,
africaf1a5.html,root_misc,1,/africa,Explore Africa — A Tog's Trek,,,,,,,
africafb9c.html,root_misc,1,/africa,Explore Africa — A Tog's Trek,,,,,,,
annapurna.html,root_misc,1,/annapurna,Annapurna | Explore Annapurna's Beauty — A Tog's Trek,,,,,,,
antarctica/category/Fish+Islands.html,category,3,/antarctica,Fish Islands — Exploring Antarctica — A Tog's Trek,antarctica,,,,,,
antarctica/category/Fournier+Bay.html,category,3,/antarctica,Fournier Bay — Exploring Antarctica — A Tog's Trek,antarctica,,,,,,
antarctica/category/Jenny+Island.html,category,3,/antarctica,Jenny Island — Exploring Antarctica — A Tog's Trek,antarctica,,,,,,
antarctica/category/Lamaire+Channel.html,category,3,/antarctica,Lamaire Channel — Exploring Antarctica — A Tog's Trek,antarctica,,,,,,
antarctica/category/Neko+Harbour.html,category,3,/antarctica,Neko Harbour — Exploring Antarctica — A Tog's Trek,antarctica,,,,,,
antarctica/category/Paradise+Harbour.html,category,3,/antarctica,Paradise Harbour — Exploring Antarctica — A Tog's Trek,antarctica,,,,,,
antarctica/category/Petermann+Island.html,category,3,/antarctica,Petermann Island — Exploring Antarctica — A Tog's Trek,antarctica,,,,,,
antarctica/category/Port+Charcot.html,category,3,/antarctica,Port Charcot — Exploring Antarctica — A Tog's Trek,antarctica,,,,,,
antarctica/category/Pourquoi+Pas+Island.html,category,3,/antarctica,Pourquoi Pas Island — Exploring Antarctica — A Tog's Trek,antarctica,,,,,,
antarctica/category/Southern+Ocean.html,category,3,/antarctica,Southern Ocean — Exploring Antarctica — A Tog's Trek,antarctica,,,,,,
antarctica/category/Stonnington+Island.html,category,3,/antarctica,Stonnington Island — Exploring Antarctica — A Tog's Trek,antarctica,,,,,,
antarctica/category/The+Gullet.html,category,3,/antarctica,The Gullet — Exploring Antarctica — A Tog's Trek,antarctica,,,,,,
antarctica/category/Yalour+Islands.html,category,3,/antarctica,Yalour Islands — Exploring Antarctica — A Tog's Trek,antarctica,,,,,,
antarctica/drake-passage.html,continent_place_candidate,2,/antarctica,Drake Passage — A Tog's Trek,antarctica,,drake-passage,,,,
antarctica/fish-islands.html,continent_place_candidate,2,/antarctica,Fish Islands — A Tog's Trek,antarctica,,fish-islands,,,,
antarctica/fournier-bay.html,continent_place_candidate,2,/antarctica,Fournier Bay — A Tog's Trek,antarctica,,fournier-bay,,,,
antarctica/jenny-island.html,continent_place_candidate,2,/antarctica,Jenny Island — A Tog's Trek,antarctica,,jenny-island,,,,
antarctica/lamaire-channel.html,continent_place_candidate,2,/antarctica,Lamaire Channel — A Tog's Trek,antarctica,,lamaire-channel,,,,
antarctica/neko-harbour.html,continent_place_candidate,2,/antarctica,Neko Harbour — A Tog's Trek,antarctica,,neko-harbour,,,,
antarctica/paradise-harbour.html,continent_place_candidate,2,/antarctica,Paradise Harbour — A Tog's Trek,antarctica,,paradise-harbour,,,,
antarctica/petermannisland.html,continent_place_candidate,2,/antarctica,Petermann Island — A Tog's Trek,antarctica,,petermannisland,,,,
antarctica/port-charcot.html,continent_place_candidate,2,/antarctica,Port Charcot — A Tog's Trek,antarctica,,port-charcot,,,,
antarctica/pourquoi-pas-island.html,continent_place_candidate,2,/antarctica,Pourquoi Pas Island — A Tog's Trek,antarctica,,pourquoi-pas-island,,,,
antarctica/south-of-the-circle.html,continent_place_candidate,2,/antarctica,South of the Circle — A Tog's Trek,antarctica,,south-of-the-circle,,,,
antarctica/southern-ocean.html,continent_place_candidate,2,/antarctica,Southern Ocean — A Tog's Trek,antarctica,,southern-ocean,,,,
antarctica/stonnington-island.html,continent_place_candidate,2,/antarctica,Stonnington Island — A Tog's Trek,antarctica,,stonnington-island,,,,
antarctica/tag/Antarctica.html,tag,3,,A Tog's Trek,antarctica,,,,,,
antarctica/tag/Base+Brown.html,tag,3,/antarctica,Base Brown — Exploring Antarctica — A Tog's Trek,antarctica,,,,,,
antarctica/tag/Base+E.html,tag,3,/antarctica,Base E — Exploring Antarctica — A Tog's Trek,antarctica,,,,,,
antarctica/tag/Booth+Island.html,tag,3,/antarctica,Booth Island — Exploring Antarctica — A Tog's Trek,antarctica,,,,,,
antarctica/tag/East+Base.html,tag,3,/antarctica,East Base — Exploring Antarctica — A Tog's Trek,antarctica,,,,,,
antarctica/tag/Fish+Island.html,tag,3,/antarctica,Fish Island — Exploring Antarctica — A Tog's Trek,antarctica,,,,,,
antarctica/tag/Fournier+Bay.html,tag,3,/antarctica,Fournier Bay — Exploring Antarctica — A Tog's Trek,antarctica,,,,,,
antarctica/tag/Humpback+Whale.html,tag,3,/antarctica,Humpback Whale — Exploring Antarctica — A Tog's Trek,antarctica,,,,,,
antarctica/tag/Jenny+Island.html,tag,3,/antarctica,Jenny Island — Exploring Antarctica — A Tog's Trek,antarctica,,,,,,
antarctica/tag/Lamaire+Channel.html,tag,3,/antarctica,Lamaire Channel — Exploring Antarctica — A Tog's Trek,antarctica,,,,,,
antarctica/tag/Leopard+Seal.html,tag,3,/antarctica,Leopard Seal — Exploring Antarctica — A Tog's Trek,antarctica,,,,,,
antarctica/tag/Neko+Harbour.html,tag,3,/antarctica,Neko Harbour — Exploring Antarctica — A Tog's Trek,antarctica,,,,,,
antarctica/tag/Paradise+Harbour.html,tag,3,/antarctica,Paradise Harbour — Exploring Antarctica — A Tog's Trek,antarctica,,,,,,
antarctica/tag/Penguin.html,tag,3,/antarctica,Penguin — Exploring Antarctica — A Tog's Trek,antarctica,,,,,,
antarctica/tag/Port+Charcot.html,tag,3,/antarctica,Port Charcot — Exploring Antarctica — A Tog's Trek,antarctica,,,,,,
antarctica/tag/Pourquoi+Pas+Island.html,tag,3,/antarctica,Pourquoi Pas Island — Exploring Antarctica — A Tog's Trek,antarctica,,,,,,
antarctica/tag/South+of+the+Circle.html,tag,3,/antarctica,South of the Circle — Exploring Antarctica — A Tog's Trek,antarctica,,,,,,
antarctica/tag/Southern+Ocean.html,tag,3,/antarctica,Southern Ocean — Exploring Antarctica — A Tog's Trek,antarctica,,,,,,
antarctica/tag/Stonnington+Island.html,tag,3,/antarctica,Stonnington Island — Exploring Antarctica — A Tog's Trek,antarctica,,,,,,
antarctica/tag/The+Gullet.html,tag,3,/antarctica,The Gullet — Exploring Antarctica — A Tog's Trek,antarctica,,,,,,
antarctica/tag/Yalour+Islands.html,tag,3,/antarctica,Yalour Islands — Exploring Antarctica — A Tog's Trek,antarctica,,,,,,
antarctica/the-gullet.html,continent_place_candidate,2,/antarctica,The Gullet — A Tog's Trek,antarctica,,the-gullet,,,,
antarctica/yalour-islands.html,continent_place_candidate,2,/antarctica,Yalour Islands — A Tog's Trek,antarctica,,yalour-islands,,,,
antarctica.html,root_misc,1,/antarctica,Exploring Antarctica — A Tog's Trek,antarctica,,,,,,
antarcticafb9c.html,root_misc,1,/antarctica,Exploring Antarctica — A Tog's Trek,,,,,,,
argentina.html,root_misc,1,/argentina,Argentina | Explore Argentine Wonders — A Tog's Trek,,,,,,,
asia/category/Hong+Kong.html,category,3,/asia,Hong Kong — Discovering Asia — A Tog's Trek,asia,,,,,,
asia/category/Israel.html,category,3,/asia,Israel — Discovering Asia — A Tog's Trek,asia,,,,,,
asia/category/Jordan.html,category,3,/asia,Jordan — Discovering Asia — A Tog's Trek,asia,,,,,,
asia/category/Malaysia.html,category,3,/asia,Malaysia — Discovering Asia — A Tog's Trek,asia,,,,,,
asia/category/Nepal.html,category,3,/asia,Nepal — Discovering Asia — A Tog's Trek,asia,,,,,,
asia/category/Palestine.html,category,3,/asia,Palestine — Discovering Asia — A Tog's Trek,asia,,,,,,
asia/category/Singapore.html,category,3,/asia,Singapore — Discovering Asia — A Tog's Trek,asia,,,,,,
asia/category/Thailand.html,category,3,/asia,Thailand — Discovering Asia — A Tog's Trek,asia,,,,,,
asia/category/Turkey.html,category,3,/asia,Turkey — Discovering Asia — A Tog's Trek,asia,,,,,,
asia/category/Turkmenistan.html,category,3,/asia,Turkmenistan — Discovering Asia — A Tog's Trek,asia,,,,,,
asia/hong-kong/kowloon.html,continent_place_candidate,3,/asia,Kowloon — A Tog's Trek,asia,hong-kong,kowloon,,,,
asia/israel/qasr-al-yahud.html,continent_place_candidate,3,/asia,Qasr al-Yahud — A Tog's Trek,asia,israel,qasr-al-yahud,,,,
asia/isreal/jerusalem.html,continent_place_candidate,3,/asia,Jerusalem — A Tog's Trek,asia,isreal,jerusalem,,,,
asia/jordan/al-maghtas.html,continent_place_candidate,3,/asia,Al-Maghtas — A Tog's Trek,asia,jordan,al-maghtas,,,,
asia/jordan/amman.html,continent_place_candidate,3,/asia,Amman — A Tog's Trek,asia,jordan,amman,,,,
asia/jordan/dead-sea.html,continent_place_candidate,3,/asia,Dead Sea — A Tog's Trek,asia,jordan,dead-sea,,,,
asia/jordan/jerash.html,continent_place_candidate,3,/asia,Jerash — A Tog's Trek,asia,jordan,jerash,,,,
asia/jordan/little-petra.html,continent_place_candidate,3,/asia,Siq al-Barid (Little Petra) — A Tog's Trek,asia,jordan,little-petra,,,,
asia/jordan/madaba.html,continent_place_candidate,3,/asia,Madeba & the Church of the Map — A Tog's Trek,asia,jordan,madaba,,,,
asia/jordan/mount-nebo.html,continent_place_candidate,3,/asia,Mount Nebo — A Tog's Trek,asia,jordan,mount-nebo,,,,
asia/jordan/petra.html,continent_place_candidate,3,/asia,Petra — A Tog's Trek,asia,jordan,petra,,,,
asia/jordan/philadelphia.html,continent_place_candidate,3,/asia,Philadelphia — A Tog's Trek,asia,jordan,philadelphia,,,,
asia/jordan/wadi-rum.html,continent_place_candidate,3,/asia,Wadi Rum — A Tog's Trek,asia,jordan,wadi-rum,,,,
asia/malaysia/borneo.html,continent_place_candidate,3,/asia,Borneo — A Tog's Trek,asia,malaysia,borneo,,,,
asia/malaysia/penang.html,continent_place_candidate,3,/asia,Penang — A Tog's Trek,asia,malaysia,penang,,,,
asia/nepal/bhaktapur.html,continent_place_candidate,3,/asia,Bhaktapur — A Tog's Trek,asia,nepal,bhaktapur,,,,
asia/nepal/chitwan.html,continent_place_candidate,3,/asia,Chitwan — A Tog's Trek,asia,nepal,chitwan,,,,
asia/nepal/kathmandu.html,continent_place_candidate,3,/asia,Kathmandu — A Tog's Trek,asia,nepal,kathmandu,,,,
asia/nepal/pokhara.html,continent_place_candidate,3,/asia,Pokhara — A Tog's Trek,asia,nepal,pokhara,,,,
asia/palestine/bethlehem.html,continent_place_candidate,3,/asia,Bethlehem — A Tog's Trek,asia,palestine,bethlehem,,,,
asia/singapore/singapore.html,continent_place_candidate,3,/asia,Singapore — A Tog's Trek,asia,singapore,singapore,,,,
asia/tag/Al-Maghtas.html,tag,3,/asia,Al-Maghtas — Discovering Asia — A Tog's Trek,asia,,,,,,
asia/tag/Amman.html,tag,3,/asia,Amman — Discovering Asia — A Tog's Trek,asia,,,,,,
asia/tag/Bangkok.html,tag,3,/asia,Bangkok — Discovering Asia — A Tog's Trek,asia,,,,,,
asia/tag/Baptism.html,tag,3,/asia,Baptism — Discovering Asia — A Tog's Trek,asia,,,,,,
asia/tag/Bethlehem.html,tag,3,/asia,Bethlehem — Discovering Asia — A Tog's Trek,asia,,,,,,
asia/tag/Bhaktapur.html,tag,3,/asia,Bhaktapur — Discovering Asia — A Tog's Trek,asia,,,,,,
asia/tag/Blue+Mosque.html,tag,3,/asia,Blue Mosque — Discovering Asia — A Tog's Trek,asia,,,,,,
asia/tag/Borneo.html,tag,3,/asia,Borneo — Discovering Asia — A Tog's Trek,asia,,,,,,
asia/tag/Chitwan+Nature+Reserve.html,tag,3,/asia,Chitwan Nature Reserve — Discovering Asia — A Tog's Trek,asia,,,,,,
asia/tag/Church+of+the+Holy+Sepulcha.html,tag,3,/asia,Church of the Holy Sepulcha — Discovering Asia — A Tog's Trek,asia,,,,,,
asia/tag/Church+of+the+Map.html,tag,3,/asia,Church of the Map — Discovering Asia — A Tog's Trek,asia,,,,,,
asia/tag/Church+of+the+Nativity.html,tag,3,/asia,Church of the Nativity — Discovering Asia — A Tog's Trek,asia,,,,,,
asia/tag/Crater.html,tag,3,/asia,Crater — Discovering Asia — A Tog's Trek,asia,,,,,,
asia/tag/Darvaza.html,tag,3,/asia,Darvaza — Discovering Asia — A Tog's Trek,asia,,,,,,
asia/tag/Dead+Sea.html,tag,3,/asia,Dead Sea — Discovering Asia — A Tog's Trek,asia,,,,,,
asia/tag/Dolmabahçe+Palace.html,tag,3,/asia,Dolmabahçe Palace — Discovering Asia — A Tog's Trek,asia,,,,,,
asia/tag/Everest.html,tag,3,/asia,Everest — Discovering Asia — A Tog's Trek,asia,,,,,,
asia/tag/Galata+Bridge.html,tag,3,/asia,Galata Bridge — Discovering Asia — A Tog's Trek,asia,,,,,,
asia/tag/Galata+Tower.html,tag,3,/asia,Galata Tower — Discovering Asia — A Tog's Trek,asia,,,,,,
asia/tag/Gates+of+Hell.html,tag,3,/asia,Gates of Hell — Discovering Asia — A Tog's Trek,asia,,,,,,
asia/tag/Gerasa.html,tag,3,/asia,Gerasa — Discovering Asia — A Tog's Trek,asia,,,,,,
asia/tag/Gibbon.html,tag,3,/asia,Gibbon — Discovering Asia — A Tog's Trek,asia,,,,,,
asia/tag/Golgotha.html,tag,3,/asia,Golgotha — Discovering Asia — A Tog's Trek,asia,,,,,,
asia/tag/Hagia+Sophia.html,tag,3,/asia,Hagia Sophia — Discovering Asia — A Tog's Trek,asia,,,,,,
asia/tag/Istanbul.html,tag,3,/asia,Istanbul — Discovering Asia — A Tog's Trek,asia,,,,,,
asia/tag/Jerash.html,tag,3,/asia,Jerash — Discovering Asia — A Tog's Trek,asia,,,,,,
asia/tag/Jerusalem.html,tag,3,/asia,Jerusalem — Discovering Asia — A Tog's Trek,asia,,,,,,
asia/tag/Jesus+Christ.html,tag,3,/asia,Jesus Christ — Discovering Asia — A Tog's Trek,asia,,,,,,
asia/tag/Jordan.html,tag,3,/asia,Jordan — Discovering Asia — A Tog's Trek,asia,,,,,,
asia/tag/Kathmandu.html,tag,3,/asia,Kathmandu — Discovering Asia — A Tog's Trek,asia,,,,,,
asia/tag/Ko+Phi+Phi.html,tag,3,/asia,Ko Phi Phi — Discovering Asia — A Tog's Trek,asia,,,,,,
asia/tag/Kowloon.html,tag,3,/asia,Kowloon — Discovering Asia — A Tog's Trek,asia,,,,,,
asia/tag/Little+Petra.html,tag,3,/asia,Little Petra — Discovering Asia — A Tog's Trek,asia,,,,,,
asia/tag/Living+Goddess.html,tag,3,/asia,Living Goddess — Discovering Asia — A Tog's Trek,asia,,,,,,
asia/tag/Monkey+Cave.html,tag,3,/asia,Monkey Cave — Discovering Asia — A Tog's Trek,asia,,,,,,
asia/tag/Mosaic.html,tag,3,/asia,Mosaic — Discovering Asia — A Tog's Trek,asia,,,,,,
asia/tag/Moses.html,tag,3,/asia,Moses — Discovering Asia — A Tog's Trek,asia,,,,,,
asia/tag/Mt+Nebo.html,tag,3,/asia,Mt Nebo — Discovering Asia — A Tog's Trek,asia,,,,,,
asia/tag/Painted+House.html,tag,3,/asia,Painted House — Discovering Asia — A Tog's Trek,asia,,,,,,
asia/tag/Penang.html,tag,3,/asia,Penang — Discovering Asia — A Tog's Trek,asia,,,,,,
asia/tag/Phang-Nga.html,tag,3,/asia,Phang-Nga — Discovering Asia — A Tog's Trek,asia,,,,,,
asia/tag/Philadelphia.html,tag,3,/asia,Philadelphia — Discovering Asia — A Tog's Trek,asia,,,,,,
asia/tag/Phuket.html,tag,3,/asia,Phuket — Discovering Asia — A Tog's Trek,asia,,,,,,
asia/tag/Pokhara.html,tag,3,/asia,Pokhara — Discovering Asia — A Tog's Trek,asia,,,,,,
asia/tag/Qasr+al-Yahud.html,tag,3,/asia,Qasr al-Yahud — Discovering Asia — A Tog's Trek,asia,,,,,,
asia/tag/Roman.html,tag,3,/asia,Roman — Discovering Asia — A Tog's Trek,asia,,,,,,
asia/tag/Ruins.html,tag,3,/asia,Ruins — Discovering Asia — A Tog's Trek,asia,,,,,,
asia/tag/Sentosa.html,tag,3,/asia,Sentosa — Discovering Asia — A Tog's Trek,asia,,,,,,
asia/tag/Singapore.html,tag,3,/asia,Singapore — Discovering Asia — A Tog's Trek,asia,,,,,,
asia/tag/Siq+al-Barid.html,tag,3,/asia,Siq al-Barid — Discovering Asia — A Tog's Trek,asia,,,,,,
asia/tag/TT+Bedouin.html,tag,3,/asia,TT Bedouin — Discovering Asia — A Tog's Trek,asia,,,,,,
asia/tag/TT+Nepal.html,tag,3,/asia,TT Nepal — Discovering Asia — A Tog's Trek,asia,,,,,,
asia/tag/TT+Thailand.html,tag,3,/asia,TT Thailand — Discovering Asia — A Tog's Trek,asia,,,,,,
asia/tag/Temple+of+the+Reclining+Buddha.html,tag,3,/asia,Temple of the Reclining Buddha — Discovering Asia — A Tog's Trek,asia,,,,,,
asia/tag/The+Brazen+Serpent+Statue.html,tag,3,/asia,The Brazen Serpent Statue — Discovering Asia — A Tog's Trek,asia,,,,,,
asia/tag/Topkapi+Palace.html,tag,3,/asia,Topkapi Palace — Discovering Asia — A Tog's Trek,asia,,,,,,
asia/tag/United+World+College+of+South+Seas+Asia.html,tag,3,/asia,United World College of South Seas Asia — Discovering Asia — A Tog's Trek,asia,,,,,,
asia/tag/Wadi+Rum.html,tag,3,/asia,Wadi Rum — Discovering Asia — A Tog's Trek,asia,,,,,,
asia/tag/Wailing+Wall.html,tag,3,/asia,Wailing Wall — Discovering Asia — A Tog's Trek,asia,,,,,,
asia/tag/Western+Wall.html,tag,3,/asia,Western Wall — Discovering Asia — A Tog's Trek,asia,,,,,,
asia/tag/Whitewater+Rafting.html,tag,3,/asia,Whitewater Rafting — Discovering Asia — A Tog's Trek,asia,,,,,,
asia/thailand/bangkok.html,continent_place_candidate,3,/asia,Bangkok — A Tog's Trek,asia,thailand,bangkok,,,,
asia/thailand/ko-phi-phi.html,continent_place_candidate,3,/asia,Ko Phi Phi — A Tog's Trek,asia,thailand,ko-phi-phi,,,,
asia/thailand/phang-nga.html,continent_place_candidate,3,/asia,Phang-nga — A Tog's Trek,asia,thailand,phang-nga,,,,
asia/thailand/phuket.html,continent_place_candidate,3,/asia,Phuket — A Tog's Trek,asia,thailand,phuket,,,,
asia/turkey/istanbul.html,continent_place_candidate,3,/asia,Experience Istanbul — A Tog's Trek,asia,turkey,istanbul,,,,
asia/turkiye/aspendos.html,continent_place_candidate,3,/asia,Aspendos — A Tog's Trek,asia,turkiye,aspendos,,,,
asia/turkmenistan/darvaza.html,continent_place_candidate,3,/asia,Darvaza — A Tog's Trek,asia,turkmenistan,darvaza,,,,
asia.html,root_misc,1,/asia,Discovering Asia — A Tog's Trek,asia,,,,,,
asia9465.html,root_misc,1,/asia,Discovering Asia — A Tog's Trek,,,,,,,
asia9537.html,root_misc,1,/asia,Discovering Asia — A Tog's Trek,,,,,,,
asiabb47.html,root_misc,1,/asia,Discovering Asia — A Tog's Trek,,,,,,,
asiac037.html,root_misc,1,/asia,Discovering Asia — A Tog's Trek,,,,,,,
asiacf6b.html,root_misc,1,/asia,Discovering Asia — A Tog's Trek,,,,,,,
asiafb9c.html,root_misc,1,/asia,Discovering Asia — A Tog's Trek,,,,,,,
australia.html,root_misc,1,/australia,Australia | Explore Unique Journeys — A Tog's Trek,,,,,,,
australia0b76.html,root_misc,1,/australia,Australia | Explore Unique Journeys — A Tog's Trek,,,,,,,
australia78df.html,root_misc,1,/australia,Australia | Explore Unique Journeys — A Tog's Trek,,,,,,,
australia78f4.html,root_misc,1,/australia,Australia | Explore Unique Journeys — A Tog's Trek,,,,,,,
australiad2aa.html,root_misc,1,/australia,Australia | Explore Unique Journeys — A Tog's Trek,,,,,,,
australiad3f7.html,root_misc,1,/australia,Australia | Explore Unique Journeys — A Tog's Trek,,,,,,,
australiad83d.html,root_misc,1,/australia,Australia | Explore Unique Journeys — A Tog's Trek,,,,,,,
australiade53.html,root_misc,1,/australia,Australia | Explore Unique Journeys — A Tog's Trek,,,,,,,
austria.html,root_misc,1,/austria,Austria | Explore Austrian Wonders — A Tog's Trek,,,,,,,
bedfordshire.html,root_misc,1,/bedfordshire,Bedfordshire | Explore Local Treasures — A Tog's Trek,,,,,,,
belize.html,root_misc,1,/belize,Belize | Explore with Tog — A Tog's Trek,,,,,,,
benin.html,root_misc,1,/benin,Benin | Explore Benin Today — A Tog's Trek,,,,,,,
berkshire.html,root_misc,1,/berkshire,Berkshire | Explore with Us — A Tog's Trek,,,,,,,
blekinge.html,root_misc,1,/blekinge,Blekinge | Explore Sweden's Charm — A Tog's Trek,,,,,,,
blog/firebreak-trail-los-angeles.html,blog,2,,A Tog's Trek,,,,,,,
blog/griffith-observatory-los-angeles.html,blog,2,,,,,,,,,
blog/hagar-qim-and-mnajdra.html,blog,2,,A Tog's Trek,,,,,,,
blog/joe-pug-live-at-the-relentless-garage.html,blog,2,,A Tog's Trek,,,,,,,
blog/los-angeles-county-museum-of-art-lacma.html,blog,2,,A Tog's Trek,,,,,,,
blog/millesgarden.html,blog,2,,,,,,,,,
blog/stonehenge.html,blog,2,,,,,,,,,
blog/tagged/adelie.html,blog,3,,A Tog's Trek,,,,,,,
blog/tagged/antarctica.html,blog,3,,,,,,,,,
blog/tagged/gentoo.html,blog,3,,A Tog's Trek,,,,,,,
blog/”.html,blog,2,,A Tog's Trek,,,,,,,
bohusleden.html,root_misc,1,/bohusleden,Bohusleden | Explore the Trail — A Tog's Trek,,,,,,,
bosnia-and-herzegovina.html,root_misc,1,/bosnia-and-herzegovina,Explore Bosnia and Herzegovina — A Tog's Trek,,,,,,,
bulgaria.html,root_misc,1,/bulgaria,Bulgaria | Explore Bulgaria Now — A Tog's Trek,,,,,,,
cameroon.html,root_misc,1,/cameroon,Cameroon | Explore Diverse Wonders — A Tog's Trek,,,,,,,
cart.html,root_misc,1,,A Tog's Trek,,,,,,,
category/index.html,root_misc,2,,A Tog's Trek,,,,,,,
colombia.html,root_misc,1,/colombia,Colombia | Explore Stunning Landscapes — A Tog's Trek,,,,,,,
copyright.html,root_misc,1,/copyright,Copyright of Photographs | Secure Your Photos — A Tog's Trek,,,,,,,
cornwall.html,root_misc,1,/cornwall,Cornwall | Discover Scenic Wonders — A Tog's Trek,,,,,,,
costa-rica.html,root_misc,1,/costa-rica,Costa Rica | Explore Natural Wonders — A Tog's Trek,,,,,,,
croatia.html,root_misc,1,/croatia,Croatia | Explore Croatia Now — A Tog's Trek,,,,,,,
czech-republic.html,root_misc,1,/czech-republic,Czech Republic | Discover Czech Adventures — A Tog's Trek,,,,,,,
dalarna.html,root_misc,1,/dalarna,Dalarna | Explore Dalarna Now — A Tog's Trek,,,,,,,
denmark.html,root_misc,1,/denmark,Denmark | Explore Danish Wonders — A Tog's Trek,,,,,,,
devon.html,root_misc,1,/devon,Devon | Explore Devon Today — A Tog's Trek,,,,,,,
dorset.html,root_misc,1,/dorset,Dorset | Discover Dorset Wonders — A Tog's Trek,,,,,,,
ecuador.html,root_misc,1,/ecuador,Ecuador | Discover Ecuador Today — A Tog's Trek,,,,,,,
egypt.html,root_misc,1,/egypt,Egypt | Explore Ancient Wonders — A Tog's Trek,,,,,,,
estonia.html,root_misc,1,/estonia,Estonia | Explore Estonia Now — A Tog's Trek,,,,,,,
europe/_https_/www.youtube.com/embed/5shTzbS2198250f.html,noise_https,5,,A Tog's Trek,europe,,,,,,
europe/austria/innsbruck.html,continent_place_candidate,3,/europe,Innsbruck — A Tog's Trek,europe,austria,innsbruck,,,,
europe/austria/werfen.html,continent_place_candidate,3,/europe,Werfen — A Tog's Trek,europe,austria,werfen,,,,
europe/belgium/antwerp.html,continent_place_candidate,3,/europe,Antwerp — A Tog's Trek,europe,belgium,antwerp,,,,
europe/belgrade.html,continent_place_candidate,2,/europe,Belgrade — A Tog's Trek,europe,,belgrade,,,,
europe/bosnia-and-herzegovina/blagaj.html,continent_place_candidate,3,/europe,Blagaj — A Tog's Trek,europe,bosnia-and-herzegovina,blagaj,,,,
europe/bosnia-and-herzegovina/jablanica.html,continent_place_candidate,3,/europe,Jablanica — A Tog's Trek,europe,bosnia-and-herzegovina,jablanica,,,,
europe/bosnia-and-herzegovina/konjic.html,continent_place_candidate,3,/europe,Konjic and Stara Ćuprija — A Tog's Trek,europe,bosnia-and-herzegovina,konjic,,,,
europe/bosnia-and-herzegovina/mostar.html,continent_place_candidate,3,/europe,Mostar — A Tog's Trek,europe,bosnia-and-herzegovina,mostar,,,,
europe/bosnia-and-herzegovina/neretva.html,continent_place_candidate,3,/europe,Neretva — A Tog's Trek,europe,bosnia-and-herzegovina,neretva,,,,
europe/bosnia-and-herzegovina/pocitelj.html,continent_place_candidate,3,/europe,Pocitelj — A Tog's Trek,europe,bosnia-and-herzegovina,pocitelj,,,,
europe/bosnia-and-herzegovina/sarajevo.html,continent_place_candidate,3,/europe,Sarajevo — A Tog's Trek,europe,bosnia-and-herzegovina,sarajevo,,,,
europe/bosnia-and-herzegovina/studenci.html,continent_place_candidate,3,/europe,Studenci — A Tog's Trek,europe,bosnia-and-herzegovina,studenci,,,,
europe/brans.html,continent_place_candidate,2,/europe,Branäs — A Tog's Trek,europe,,brans,,,,
europe/bulgaria/bansko.html,continent_place_candidate,3,/europe,Bansko — A Tog's Trek,europe,bulgaria,bansko,,,,
europe/bulgaria/sofia.html,continent_place_candidate,3,/europe,Sofia — A Tog's Trek,europe,bulgaria,sofia,,,,
europe/category/Austria.html,category,3,/europe,Austria — Exploring Europe — A Tog's Trek,europe,,,,,,
europe/category/Belgium.html,category,3,/europe,Belgium — Exploring Europe — A Tog's Trek,europe,,,,,,
europe/category/Bosnia+and+Herzegovina.html,category,3,/europe,Bosnia and Herzegovina — Exploring Europe — A Tog's Trek,europe,,,,,,
europe/category/Bulgaria.html,category,3,/europe,Bulgaria — Exploring Europe — A Tog's Trek,europe,,,,,,
europe/category/Croatia.html,category,3,/europe,Croatia — Exploring Europe — A Tog's Trek,europe,,,,,,
europe/category/Czech+Republic.html,category,3,/europe,Czech Republic — Exploring Europe — A Tog's Trek,europe,,,,,,
europe/category/Denmark.html,category,3,/europe,Denmark — Exploring Europe — A Tog's Trek,europe,,,,,,
europe/category/Estonia.html,category,3,/europe,Estonia — Exploring Europe — A Tog's Trek,europe,,,,,,
europe/category/Finland.html,category,3,/europe,Finland — Exploring Europe — A Tog's Trek,europe,,,,,,
europe/category/France.html,category,3,/europe,France — Exploring Europe — A Tog's Trek,europe,,,,,,
europe/category/Germany.html,category,3,/europe,Germany — Exploring Europe — A Tog's Trek,europe,,,,,,
europe/category/Greece.html,category,3,/europe,Greece — Exploring Europe — A Tog's Trek,europe,,,,,,
europe/category/Hungary.html,category,3,/europe,Hungary — Exploring Europe — A Tog's Trek,europe,,,,,,
europe/category/Iceland.html,category,3,/europe,Iceland — Exploring Europe — A Tog's Trek,europe,,,,,,
europe/category/Ireland.html,category,3,/europe,Ireland — Exploring Europe — A Tog's Trek,europe,,,,,,
europe/category/Italy.html,category,3,/europe,Italy — Exploring Europe — A Tog's Trek,europe,,,,,,
europe/category/Latvia.html,category,3,/europe,Latvia — Exploring Europe — A Tog's Trek,europe,,,,,,
europe/category/Lichtenstein.html,category,3,/europe,Lichtenstein — Exploring Europe — A Tog's Trek,europe,,,,,,
europe/category/Lithuania.html,category,3,/europe,Lithuania — Exploring Europe — A Tog's Trek,europe,,,,,,
europe/category/Malta.html,category,3,/europe,Malta — Exploring Europe — A Tog's Trek,europe,,,,,,
europe/category/Monaco.html,category,3,/europe,Monaco — Exploring Europe — A Tog's Trek,europe,,,,,,
europe/category/Netherlands.html,category,3,/europe,Netherlands — Exploring Europe — A Tog's Trek,europe,,,,,,
europe/category/Norway.html,category,3,/europe,Norway — Exploring Europe — A Tog's Trek,europe,,,,,,
europe/category/Poland.html,category,3,/europe,Poland — Exploring Europe — A Tog's Trek,europe,,,,,,
europe/category/Portugal.html,category,3,/europe,Portugal — Exploring Europe — A Tog's Trek,europe,,,,,,
europe/category/Romania.html,category,3,/europe,Romania — Exploring Europe — A Tog's Trek,europe,,,,,,
europe/category/Russia.html,category,3,/europe,Russia — Exploring Europe — A Tog's Trek,europe,,,,,,
europe/category/Serbia.html,category,3,/europe,Serbia — Exploring Europe — A Tog's Trek,europe,,,,,,
europe/category/Slovakia.html,category,3,/europe,Slovakia — Exploring Europe — A Tog's Trek,europe,,,,,,
europe/category/Spain.html,category,3,/europe,Spain — Exploring Europe — A Tog's Trek,europe,,,,,,
europe/category/Svalbard.html,category,3,/europe,Svalbard — Exploring Europe — A Tog's Trek,europe,,,,,,
europe/category/Sweden.html,category,3,/europe,Sweden — Exploring Europe — A Tog's Trek,europe,,,,,,
europe/category/Switzerland.html,category,3,/europe,Switzerland — Exploring Europe — A Tog's Trek,europe,,,,,,
europe/category/Ukraine.html,category,3,/europe,Ukraine — Exploring Europe — A Tog's Trek,europe,,,,,,
europe/category/United+Kingdom.html,category,3,/europe,United Kingdom — Exploring Europe — A Tog's Trek,europe,,,,,,
europe/crete.html,continent_place_candidate,2,/europe,Crete — A Tog's Trek,europe,,crete,,,,
europe/czech-republic/prague.html,continent_place_candidate,3,/europe,Prague — A Tog's Trek,europe,czech-republic,prague,,,,
europe/denmark/copenhagen.html,continent_place_candidate,3,/europe,Copenhagen — A Tog's Trek,europe,denmark,copenhagen,,,,
europe/denmark/helsingor.html,continent_place_candidate,3,/europe,Helsingør — A Tog's Trek,europe,denmark,helsingor,,,,
europe/europe/portugal/Paróquia da Vera Cruz.html,continent_place_candidate,4,,,europe,europe,Paróquia da Vera Cruz,,,,
europe/europe/portugal/averio.html,continent_place_candidate,4,/europe,Averio — A Tog's Trek,europe,europe,averio,,,,
europe/france/alpe-dhuez.html,continent_place_candidate,3,/europe,Alpe d’Huez — A Tog's Trek,europe,france,alpe-dhuez,,,,
europe/france/chamonix.html,continent_place_candidate,3,/europe,"Exploring Chamonix, Mont Blanc and Aiguille du Midi — A Tog's Trek",europe,france,chamonix,,,,
europe/france/le-chatelard.html,continent_place_candidate,3,/europe,Explore the town of Le Châtelard — A Tog's Trek,europe,france,le-chatelard,,,,
europe/france/mont-saint-michel.html,continent_place_candidate,3,/europe,Mont Saint-Michel — A Tog's Trek,europe,france,mont-saint-michel,,,,
europe/france/morzine.html,continent_place_candidate,3,/europe,Morzine — A Tog's Trek,europe,france,morzine,,,,
europe/france/nice.html,continent_place_candidate,3,/europe,Nice — A Tog's Trek,europe,france,nice,,,,
europe/france/peisey-vallandry.html,continent_place_candidate,3,/europe,Peisey-Vallandry — A Tog's Trek,europe,france,peisey-vallandry,,,,
europe/garmany/salzburg.html,continent_place_candidate,3,/europe,Salzburg — A Tog's Trek,europe,garmany,salzburg,,,,
europe/gavleborg/gavle.html,continent_place_candidate,3,/europe,Gävle — A Tog's Trek,europe,gavleborg,gavle,,,,
europe/germany/burghausen.html,continent_place_candidate,3,/europe,Burghausen — A Tog's Trek,europe,germany,burghausen,,,,
europe/germany/dusseldorf.html,continent_place_candidate,3,/europe,Visit Düsseldorf — A Tog's Trek,europe,germany,dusseldorf,,,,
europe/germany/munich.html,continent_place_candidate,3,/europe,Discover Munich — A Tog's Trek,europe,germany,munich,,,,
europe/greece/kos.html,continent_place_candidate,3,/europe,Visit the beautiful island of Kos — A Tog's Trek,europe,greece,kos,,,,
europe/helsinki.html,continent_place_candidate,2,/europe,Helsinki — A Tog's Trek,europe,,helsinki,,,,
europe/hungary/budapest.html,continent_place_candidate,3,/europe,Budapest — A Tog's Trek,europe,hungary,budapest,,,,
europe/iceland/akureyri.html,continent_place_candidate,3,/europe,Akureyri — A Tog's Trek,europe,iceland,akureyri,,,,
europe/iceland/hofn.html,continent_place_candidate,3,/europe,Hofn — A Tog's Trek,europe,iceland,hofn,,,,
europe/iceland/snaefellsnes.html,continent_place_candidate,3,/europe,Snæfellsnes — A Tog's Trek,europe,iceland,snaefellsnes,,,,
europe/iceland/vik.html,continent_place_candidate,3,/europe,Vik — A Tog's Trek,europe,iceland,vik,,,,
europe/ireland/galway.html,continent_place_candidate,3,/europe,Traveling to Galway & Isles of Aran — A Tog's Trek,europe,ireland,galway,,,,
europe/italy/_https_/www.youtube.com/embed/epK2FZLesJI250f.html,noise_https,6,,A Tog's Trek,europe,,,,,,
europe/italy/aosta.html,continent_place_candidate,3,/europe,Aosta — A Tog's Trek,europe,italy,aosta,,,,
europe/italy/cuneo.html,continent_place_candidate,3,/europe,Cuneo — A Tog's Trek,europe,italy,cuneo,,,,
europe/italy/fenis.html,continent_place_candidate,3,/europe,Castello di Fénis in Fénis — A Tog's Trek,europe,italy,fenis,,,,
europe/italy/rome.html,continent_place_candidate,3,/europe,Explore Rome — A Tog's Trek,europe,italy,rome,,,,
europe/italy/turin.html,continent_place_candidate,3,/europe,Turin — A Tog's Trek,europe,italy,turin,,,,
europe/latvia/jurmala.html,continent_place_candidate,3,/europe,Jurmala — A Tog's Trek,europe,latvia,jurmala,,,,
europe/latvia/riga.html,continent_place_candidate,3,/europe,Riga — A Tog's Trek,europe,latvia,riga,,,,
europe/lichtenstein/vaduz.html,continent_place_candidate,3,/europe,Vaduz — A Tog's Trek,europe,lichtenstein,vaduz,,,,
europe/lithuania/trakai.html,continent_place_candidate,3,/europe,Trakai — A Tog's Trek,europe,lithuania,trakai,,,,
europe/lithuania/vilnius.html,continent_place_candidate,3,/europe,Vilnius — A Tog's Trek,europe,lithuania,vilnius,,,,
europe/malta/blue-grotto.html,continent_place_candidate,3,/europe,Blue Grotto — A Tog's Trek,europe,malta,blue-grotto,,,,
europe/malta/comino.html,continent_place_candidate,3,/europe,Comino — A Tog's Trek,europe,malta,comino,,,,
europe/malta/gozo.html,continent_place_candidate,3,/europe,Gozo — A Tog's Trek,europe,malta,gozo,,,,
europe/malta/hagar-qim-and-mnajdra.html,continent_place_candidate,3,/europe,Hagar Qim and Mnajdra — A Tog's Trek,europe,malta,hagar-qim-and-mnajdra,,,,
europe/malta/marsaxlokk.html,continent_place_candidate,3,/europe,Marsaxlokk — A Tog's Trek,europe,malta,marsaxlokk,,,,
europe/malta/mdina.html,continent_place_candidate,3,/europe,Mdina — A Tog's Trek,europe,malta,mdina,,,,
europe/malta/rabat.html,continent_place_candidate,3,/europe,Rabat — A Tog's Trek,europe,malta,rabat,,,,
europe/malta/silema.html,continent_place_candidate,3,/europe,Silema — A Tog's Trek,europe,malta,silema,,,,
europe/malta/st-juliens.html,continent_place_candidate,3,/europe,St. Julian’s — A Tog's Trek,europe,malta,st-juliens,,,,
europe/malta/tarxien-temples.html,continent_place_candidate,3,/europe,Tarxien Temples — A Tog's Trek,europe,malta,tarxien-temples,,,,
europe/malta/valletta.html,continent_place_candidate,3,/europe,Valletta — A Tog's Trek,europe,malta,valletta,,,,
europe/meyrin.html,continent_place_candidate,2,/europe,VIsiting CERN at the village of Meyrin — A Tog's Trek,europe,,meyrin,,,,
europe/monaco/monaco.html,continent_place_candidate,3,/europe,Monaco — A Tog's Trek,europe,monaco,monaco,,,,
europe/netherlands/amersfoort.html,continent_place_candidate,3,/europe,Amersfoort — A Tog's Trek,europe,netherlands,amersfoort,,,,
europe/netherlands/voorschoten.html,continent_place_candidate,3,/europe,Voorschoten — A Tog's Trek,europe,netherlands,voorschoten,,,,
europe/norway/oslo.html,continent_place_candidate,3,/europe,Oslo — A Tog's Trek,europe,norway,oslo,,,,
europe/norway/svalbard/longyearbyen.html,continent_place_candidate,4,/europe,Longyearbyen — A Tog's Trek,europe,norway,longyearbyen,,,,
europe/norway/svalbard/ny-alesund.html,continent_place_candidate,4,/europe,Ny-Ålesund — A Tog's Trek,europe,norway,ny-alesund,,,,
europe/orebro/tiveds.html,continent_place_candidate,3,/europe,Tiveds — A Tog's Trek,europe,orebro,tiveds,,,,
europe/ostergotland/lindkoping.html,continent_place_candidate,3,/europe,Linköping — A Tog's Trek,europe,ostergotland,lindkoping,,,,
europe/poland/warsaw.html,continent_place_candidate,3,/europe,Warsaw — A Tog's Trek,europe,poland,warsaw,,,,
europe/portugal/lisbon.html,continent_place_candidate,3,/europe,Lisbon — A Tog's Trek,europe,portugal,lisbon,,,,
europe/portugal/porto.html,continent_place_candidate,3,/europe,Porto — A Tog's Trek,europe,portugal,porto,,,,
europe/reykjavik.html,continent_place_candidate,2,/europe,Reykjavik — A Tog's Trek,europe,,reykjavik,,,,
europe/romania/poiana-braov.html,continent_place_candidate,3,/europe,Poiana Braşov — A Tog's Trek,europe,romania,poiana-braov,,,,
europe/russia/moscow.html,continent_place_candidate,3,/europe,Moscow — A Tog's Trek,europe,russia,moscow,,,,
europe/russia/st-petersburg.html,continent_place_candidate,3,/europe,St Petersburg — A Tog's Trek,europe,russia,st-petersburg,,,,
europe/slovakia/bratislava.html,continent_place_candidate,3,/europe,Bratislava — A Tog's Trek,europe,slovakia,bratislava,,,,
europe/spain/barcelona.html,continent_place_candidate,3,/europe,Barcelona   — A Tog's Trek,europe,spain,barcelona,,,,
europe/split.html,continent_place_candidate,2,/europe,Split — A Tog's Trek,europe,,split,,,,
europe/stratford-upon-avon.html,continent_place_candidate,2,/europe,Stratford-Upon-Avon — A Tog's Trek,europe,,stratford-upon-avon,,,,
europe/sweden/blekinge/_https_/www.youtube.com/embed/qhkh_ZPj1Zs250f.html,noise_https,7,,A Tog's Trek,europe,,,,,,
europe/sweden/blekinge/aspo.html,continent_place_candidate,4,/europe,Aspö — A Tog's Trek,europe,sweden,aspo,,,,
europe/sweden/blekinge/karlskrona.html,continent_place_candidate,4,/europe,Karlskrona — A Tog's Trek,europe,sweden,karlskrona,,,,
europe/sweden/blekinge/lyckeby.html,continent_place_candidate,4,/europe,Lyckeby — A Tog's Trek,europe,sweden,lyckeby,,,,
europe/sweden/dalarna/malung.html,continent_place_candidate,4,/europe,Malung — A Tog's Trek,europe,sweden,malung,,,,
europe/sweden/dalarna/romme-alpin.html,continent_place_candidate,4,/europe,Romme Alpin — A Tog's Trek,europe,sweden,romme-alpin,,,,
europe/sweden/dalarna/salen.html,continent_place_candidate,4,/europe,Sälen — A Tog's Trek,europe,sweden,salen,,,,
europe/sweden/gotland/visby.html,continent_place_candidate,4,/europe,Visby — A Tog's Trek,europe,sweden,visby,,,,
europe/sweden/halland/halmstad.html,continent_place_candidate,4,/europe,Halmstad — A Tog's Trek,europe,sweden,halmstad,,,,
europe/sweden/halland/varberg.html,continent_place_candidate,4,/europe,Varberg — A Tog's Trek,europe,sweden,varberg,,,,
europe/sweden/jamtland/are.html,continent_place_candidate,4,/europe,Åre — A Tog's Trek,europe,sweden,are,,,,
europe/sweden/jamtland/duved.html,continent_place_candidate,4,/europe,Duved — A Tog's Trek,europe,sweden,duved,,,,
europe/sweden/jonkoping/isaberg.html,continent_place_candidate,4,/europe,Isaberg — A Tog's Trek,europe,sweden,isaberg,,,,
europe/sweden/jonkoping/jonkoping.html,continent_place_candidate,4,/europe,Jönköping — A Tog's Trek,europe,sweden,jonkoping,,,,
europe/sweden/kalmar/kalmar.html,continent_place_candidate,4,/europe,Kalmar — A Tog's Trek,europe,sweden,kalmar,,,,
europe/sweden/kalmar/oland.html,continent_place_candidate,4,/europe,Öland — A Tog's Trek,europe,sweden,oland,,,,
europe/sweden/kronoberg/almhult.html,continent_place_candidate,4,/europe,Älmhult — A Tog's Trek,europe,sweden,almhult,,,,
europe/sweden/kronoberg/ryd.html,continent_place_candidate,4,/europe,Ryd — A Tog's Trek,europe,sweden,ryd,,,,
europe/sweden/kronoberg/vaxjo.html,continent_place_candidate,4,/europe,Växjö — A Tog's Trek,europe,sweden,vaxjo,,,,
europe/sweden/norbotten/abisko-ostra.html,continent_place_candidate,4,/europe,Abisko Östra — A Tog's Trek,europe,sweden,abisko-ostra,,,,
europe/sweden/norbotten/adolfstrom.html,continent_place_candidate,4,/europe,Adolfström — A Tog's Trek,europe,sweden,adolfstrom,,,,
europe/sweden/norbotten/jakkvik.html,continent_place_candidate,4,/europe,Jäkkvik — A Tog's Trek,europe,sweden,jakkvik,,,,
europe/sweden/norbotten/kvikkjokk.html,continent_place_candidate,4,/europe,Kvikkjokk — A Tog's Trek,europe,sweden,kvikkjokk,,,,
europe/sweden/orebro/glanshammar.html,continent_place_candidate,4,/europe,Glanshammar — A Tog's Trek,europe,sweden,glanshammar,,,,
europe/sweden/orebro/karlskoga.html,continent_place_candidate,4,/europe,Karlskoga — A Tog's Trek,europe,sweden,karlskoga,,,,
europe/sweden/orebro/orebro.html,continent_place_candidate,4,/europe,Örebro — A Tog's Trek,europe,sweden,orebro,,,,
europe/sweden/ostergotland/norrkoping.html,continent_place_candidate,4,/europe,Norrköping — A Tog's Trek,europe,sweden,norrkoping,,,,
europe/sweden/skane/arild.html,continent_place_candidate,4,/europe,Arild — A Tog's Trek,europe,sweden,arild,,,,
europe/sweden/skane/helsingborg.html,continent_place_candidate,4,/europe,Helsingborg — A Tog's Trek,europe,sweden,helsingborg,,,,
europe/sweden/skane/lund.html,continent_place_candidate,4,/europe,Lund — A Tog's Trek,europe,sweden,lund,,,,
europe/sweden/skane/malmo.html,continent_place_candidate,4,/europe,Malmö — A Tog's Trek,europe,sweden,malmo,,,,
europe/sweden/skane/skanor.html,continent_place_candidate,4,/europe,Skanör — A Tog's Trek,europe,sweden,skanor,,,,
europe/sweden/skane/ystad.html,continent_place_candidate,4,/europe,Ystad — A Tog's Trek,europe,sweden,ystad,,,,
europe/sweden/sodermanland/eskilstuna.html,continent_place_candidate,4,/europe,Eskilstuna — A Tog's Trek,europe,sweden,eskilstuna,,,,
europe/sweden/sodermanland/katerineholm.html,continent_place_candidate,4,/europe,Katrineholm — A Tog's Trek,europe,sweden,katerineholm,,,,
europe/sweden/sodermanland/mora.html,continent_place_candidate,4,/europe,Mora — A Tog's Trek,europe,sweden,mora,,,,
europe/sweden/sodermanland/tuna.html,continent_place_candidate,4,/europe,Tuna — A Tog's Trek,europe,sweden,tuna,,,,
europe/sweden/stockholm/_https_/www.youtube.com/embed/e1dl06Q9hAU250f.html,noise_https,7,,A Tog's Trek,europe,,,,,,
europe/sweden/stockholm/stockholm.html,continent_place_candidate,4,/europe,Stockholm — A Tog's Trek,europe,sweden,stockholm,,,,
europe/sweden/uppsala/gamle-uppsala.html,continent_place_candidate,4,/europe,Gamle Uppsala — A Tog's Trek,europe,sweden,gamle-uppsala,,,,
europe/sweden/uppsala/uppsala.html,continent_place_candidate,4,/europe,Uppsala — A Tog's Trek,europe,sweden,uppsala,,,,
europe/sweden/varmland/karlstad.html,continent_place_candidate,4,/europe,Karlstad — A Tog's Trek,europe,sweden,karlstad,,,,
europe/sweden/vasterbotten/ammarnas.html,continent_place_candidate,4,/europe,Ammarnäs — A Tog's Trek,europe,sweden,ammarnas,,,,
europe/sweden/vasterbotton/umea.html,continent_place_candidate,4,/europe,Umeå — A Tog's Trek,europe,sweden,umea,,,,
europe/sweden/vastra-gotaland/ale.html,continent_place_candidate,4,/europe,Ale — A Tog's Trek,europe,sweden,ale,,,,
europe/sweden/vastra-gotaland/branno.html,continent_place_candidate,4,/europe,Brännö — A Tog's Trek,europe,sweden,branno,,,,
europe/sweden/vastra-gotaland/donso.html,continent_place_candidate,4,/europe,Donsö — A Tog's Trek,europe,sweden,donso,,,,
europe/sweden/vastra-gotaland/halland.html,continent_place_candidate,4,/europe,Särö — A Tog's Trek,europe,sweden,halland,,,,
europe/sweden/vastra-gotaland/kungalv.html,continent_place_candidate,4,/europe,Kungälv — A Tog's Trek,europe,sweden,kungalv,,,,
europe/sweden/vastra-gotaland/marstrand.html,continent_place_candidate,4,/europe,Marstrand — A Tog's Trek,europe,sweden,marstrand,,,,
europe/sweden/vastra-gotaland/orust.html,continent_place_candidate,4,/europe,Orust — A Tog's Trek,europe,sweden,orust,,,,
europe/sweden/vastra-gotaland/styrso.html,continent_place_candidate,4,/europe,Styrsö — A Tog's Trek,europe,sweden,styrso,,,,
europe/sweden/vastra-gotaland/trollhatten.html,continent_place_candidate,4,/europe,Trollhättan — A Tog's Trek,europe,sweden,trollhatten,,,,
europe/sweden/vastra-gotaland/ulricehamn.html,continent_place_candidate,4,/europe,Ulricehamn — A Tog's Trek,europe,sweden,ulricehamn,,,,
europe/sweden/vastra-gotaland/vrango.html,continent_place_candidate,4,/europe,Vrångö — A Tog's Trek,europe,sweden,vrango,,,,
europe/sweden/vastra-gotland/gothenburg.html,continent_place_candidate,4,/europe,Gothenburg — A Tog's Trek,europe,sweden,gothenburg,,,,
europe/sweden/vastra-gotland/mellerud.html,continent_place_candidate,4,/europe,Mellerud — A Tog's Trek,europe,sweden,mellerud,,,,
europe/switzerland/fribourg.html,continent_place_candidate,3,/europe,Fribourg — A Tog's Trek,europe,switzerland,fribourg,,,,
europe/switzerland/geneva.html,continent_place_candidate,3,/europe,Geneva — A Tog's Trek,europe,switzerland,geneva,,,,
europe/switzerland/lausanne.html,continent_place_candidate,3,/europe,Lausanne — A Tog's Trek,europe,switzerland,lausanne,,,,
europe/switzerland/zurich.html,continent_place_candidate,3,/europe,Zurich — A Tog's Trek,europe,switzerland,zurich,,,,
europe/tag/12Cities12Months.html,tag,3,/europe,12Cities12Months — Exploring Europe — A Tog's Trek,europe,,,,,,
europe/tag/79degrees.html,tag,3,/europe,79degrees — Exploring Europe — A Tog's Trek,europe,,,,,,
europe/tag/Abbotsbury.html,tag,3,/europe,Abbotsbury — Exploring Europe — A Tog's Trek,europe,,,,,,
europe/tag/Abisko+Östra.html,tag,3,/europe,Abisko Östra — Exploring Europe — A Tog's Trek,europe,,,,,,
europe/tag/Adolfstrom.html,tag,3,/europe,Adolfstrom — Exploring Europe — A Tog's Trek,europe,,,,,,
europe/tag/Adolfström+Hyttruin.html,tag,3,/europe,Adolfström Hyttruin — Exploring Europe — A Tog's Trek,europe,,,,,,
europe/tag/Adolfström.html,tag,3,/europe,Adolfström — Exploring Europe — A Tog's Trek,europe,,,,,,
europe/tag/Adolfströms+Handelsbod+&+Stugby.html,tag,3,/europe,Adolfströms Handelsbod & Stugby — Exploring Europe — A Tog's Trek,europe,,,,,,
europe/tag/Aiguille+du+Midi.html,tag,3,/europe,Aiguille du Midi — Exploring Europe — A Tog's Trek,europe,,,,,,
europe/tag/Akureyri.html,tag,3,/europe,Akureyri — Exploring Europe — A Tog's Trek,europe,,,,,,
europe/tag/Ale.html,tag,3,/europe,Ale — Exploring Europe — A Tog's Trek,europe,,,,,,
europe/tag/Alfred+Nobel.html,tag,3,/europe,Alfred Nobel — Exploring Europe — A Tog's Trek,europe,,,,,,
europe/tag/Alpe+d'Huez.html,tag,3,/europe,Alpe d'Huez — Exploring Europe — A Tog's Trek,europe,,,,,,
europe/tag/Alpen+Zoo.html,tag,3,/europe,Alpen Zoo — Exploring Europe — A Tog's Trek,europe,,,,,,
europe/tag/Alum+Bay.html,tag,3,/europe,Alum Bay — Exploring Europe — A Tog's Trek,europe,,,,,,
europe/tag/Amersfoort.html,tag,3,/europe,Amersfoort — Exploring Europe — A Tog's Trek,europe,,,,,,
europe/tag/Ammarnäs.html,tag,3,/europe,Ammarnäs — Exploring Europe — A Tog's Trek,europe,,,,,,
europe/tag/Andover.html,tag,3,/europe,Andover — Exploring Europe — A Tog's Trek,europe,,,,,,
europe/tag/Antwerp.html,tag,3,/europe,Antwerp — Exploring Europe — A Tog's Trek,europe,,,,,,
europe/tag/Aosta.html,tag,3,/europe,Aosta — Exploring Europe — A Tog's Trek,europe,,,,,,
europe/tag/Apso.html,tag,3,/europe,Apso — Exploring Europe — A Tog's Trek,europe,,,,,,
europe/tag/Apsö.html,tag,3,/europe,Apsö — Exploring Europe — A Tog's Trek,europe,,,,,,
europe/tag/Archeology.html,tag,3,/europe,Archeology — Exploring Europe — A Tog's Trek,europe,,,,,,
europe/tag/Are.html,tag,3,/europe,Are — Exploring Europe — A Tog's Trek,europe,,,,,,
europe/tag/Arild.html,tag,3,/europe,Arild — Exploring Europe — A Tog's Trek,europe,,,,,,
europe/tag/Averio.html,tag,3,/europe,Averio — Exploring Europe — A Tog's Trek,europe,,,,,,
europe/tag/Älmhult.html,tag,3,/europe,Älmhult — Exploring Europe — A Tog's Trek,europe,,,,,,
europe/tag/Åre.html,tag,3,/europe,Åre — Exploring Europe — A Tog's Trek,europe,,,,,,
europe/tag/BMW.html,tag,3,/europe,BMW — Exploring Europe — A Tog's Trek,europe,,,,,,
europe/tag/BSN.html,tag,3,/europe,BSN — Exploring Europe — A Tog's Trek,europe,,,,,,
europe/tag/Bakagerði.html,tag,3,/europe,Bakagerði — Exploring Europe — A Tog's Trek,europe,,,,,,
europe/tag/Ballymena.html,tag,3,/europe,Ballymena — Exploring Europe — A Tog's Trek,europe,,,,,,
europe/tag/Ballymoney.html,tag,3,/europe,Ballymoney — Exploring Europe — A Tog's Trek,europe,,,,,,
europe/tag/Bansko.html,tag,3,/europe,Bansko — Exploring Europe — A Tog's Trek,europe,,,,,,
europe/tag/Barcelona.html,tag,3,/europe,Barcelona — Exploring Europe — A Tog's Trek,europe,,,,,,
europe/tag/Bäverholmen.html,tag,3,/europe,Bäverholmen — Exploring Europe — A Tog's Trek,europe,,,,,,
europe/tag/Beach.html,tag,3,/europe,Beach — Exploring Europe — A Tog's Trek,europe,,,,,,
europe/tag/Bedfordshire.html,tag,3,/europe,Bedfordshire — Exploring Europe — A Tog's Trek,europe,,,,,,
europe/tag/Belfast.html,tag,3,/europe,Belfast — Exploring Europe — A Tog's Trek,europe,,,,,,
europe/tag/Belgrade.html,tag,3,/europe,Belgrade — Exploring Europe — A Tog's Trek,europe,,,,,,
europe/tag/Berghausen.html,tag,3,/europe,Berghausen — Exploring Europe — A Tog's Trek,europe,,,,,,
europe/tag/Bergkvara+slottsruin.html,tag,3,/europe,Bergkvara slottsruin — Exploring Europe — A Tog's Trek,europe,,,,,,
europe/tag/Berkshire.html,tag,3,/europe,Berkshire — Exploring Europe — A Tog's Trek,europe,,,,,,
europe/tag/Bilkyrkogården+Kyrkö+mosse.html,tag,3,/europe,Bilkyrkogården Kyrkö mosse — Exploring Europe — A Tog's Trek,europe,,,,,,
europe/tag/Björkborn+manor.html,tag,3,/europe,Björkborn manor — Exploring Europe — A Tog's Trek,europe,,,,,,
europe/tag/Blagaj.html,tag,3,/europe,Blagaj — Exploring Europe — A Tog's Trek,europe,,,,,,
europe/tag/Bleking.html,tag,3,/europe,Bleking — Exploring Europe — A Tog's Trek,europe,,,,,,
europe/tag/Blekinge.html,tag,3,/europe,Blekinge — Exploring Europe — A Tog's Trek,europe,,,,,,
europe/tag/Blue+Grotto.html,tag,3,/europe,Blue Grotto — Exploring Europe — A Tog's Trek,europe,,,,,,
europe/tag/Blue+Lagoon.html,tag,3,/europe,Blue Lagoon — Exploring Europe — A Tog's Trek,europe,,,,,,
europe/tag/Bohus.html,tag,3,/europe,Bohus — Exploring Europe — A Tog's Trek,europe,,,,,,
europe/tag/Bran+﻿Castle+Museum.html,tag,3,/europe,Bran ﻿Castle Museum — Exploring Europe — A Tog's Trek,europe,,,,,,
europe/tag/Branas.html,tag,3,/europe,Branas — Exploring Europe — A Tog's Trek,europe,,,,,,
europe/tag/Branäs.html,tag,3,/europe,Branäs — Exploring Europe — A Tog's Trek,europe,,,,,,
europe/tag/Branno.html,tag,3,/europe,Branno — Exploring Europe — A Tog's Trek,europe,,,,,,
europe/tag/Bratislava.html,tag,3,/europe,Bratislava — Exploring Europe — A Tog's Trek,europe,,,,,,
europe/tag/Bridge.html,tag,3,/europe,Bridge — Exploring Europe — A Tog's Trek,europe,,,,,,
europe/tag/Buda.html,tag,3,/europe,Buda — Exploring Europe — A Tog's Trek,europe,,,,,,
europe/tag/Budapest.html,tag,3,/europe,Budapest — Exploring Europe — A Tog's Trek,europe,,,,,,
europe/tag/Bulgaria.html,tag,3,/europe,Bulgaria — Exploring Europe — A Tog's Trek,europe,,,,,,
europe/tag/Burg+zu+Burghausen.html,tag,3,/europe,Burg zu Burghausen — Exploring Europe — A Tog's Trek,europe,,,,,,
europe/tag/Bushmills.html,tag,3,/europe,Bushmills — Exploring Europe — A Tog's Trek,europe,,,,,,
europe/tag/CERN.html,tag,3,/europe,CERN — Exploring Europe — A Tog's Trek,europe,,,,,,
europe/tag/Carmelite+Priory.html,tag,3,/europe,Carmelite Priory — Exploring Europe — A Tog's Trek,europe,,,,,,
europe/tag/Carnlough+Harbour.html,tag,3,/europe,Carnlough Harbour — Exploring Europe — A Tog's Trek,europe,,,,,,
europe/tag/Carrickfergus+Castle.html,tag,3,/europe,Carrickfergus Castle — Exploring Europe — A Tog's Trek,europe,,,,,,
europe/tag/Carrickfergus.html,tag,3,/europe,Carrickfergus — Exploring Europe — A Tog's Trek,europe,,,,,,
europe/tag/Castello+di+Fénis.html,tag,3,/europe,Castello di Fénis — Exploring Europe — A Tog's Trek,europe,,,,,,
europe/tag/Castle.html,tag,3,/europe,Castle — Exploring Europe — A Tog's Trek,europe,,,,,,
europe/tag/Chamonix.html,tag,3,/europe,Chamonix — Exploring Europe — A Tog's Trek,europe,,,,,,
europe/tag/Cheshire.html,tag,3,/europe,Cheshire — Exploring Europe — A Tog's Trek,europe,,,,,,
europe/tag/Colosseum.html,tag,3,/europe,Colosseum — Exploring Europe — A Tog's Trek,europe,,,,,,
europe/tag/Comino.html,tag,3,/europe,Comino — Exploring Europe — A Tog's Trek,europe,,,,,,
europe/tag/Conwy+Castle.html,tag,3,/europe,Conwy Castle — Exploring Europe — A Tog's Trek,europe,,,,,,
europe/tag/Copenhagen.html,tag,3,/europe,Copenhagen — Exploring Europe — A Tog's Trek,europe,,,,,,
europe/tag/Cornwall.html,tag,3,/europe,Cornwall — Exploring Europe — A Tog's Trek,europe,,,,,,
europe/tag/Count+of+Monte+Cristo.html,tag,3,/europe,Count of Monte Cristo — Exploring Europe — A Tog's Trek,europe,,,,,,
europe/tag/Coventry.html,tag,3,/europe,Coventry — Exploring Europe — A Tog's Trek,europe,,,,,,
europe/tag/Crete.html,tag,3,/europe,Crete — Exploring Europe — A Tog's Trek,europe,,,,,,
europe/tag/Cuneo.html,tag,3,/europe,Cuneo — Exploring Europe — A Tog's Trek,europe,,,,,,
europe/tag/Cushendun+Caves.html,tag,3,/europe,Cushendun Caves — Exploring Europe — A Tog's Trek,europe,,,,,,
europe/tag/Dada.html,tag,3,/europe,Dada — Exploring Europe — A Tog's Trek,europe,,,,,,
europe/tag/Dalarna.html,tag,3,/europe,Dalarna — Exploring Europe — A Tog's Trek,europe,,,,,,
europe/tag/Dark+Hedges.html,tag,3,/europe,Dark Hedges — Exploring Europe — A Tog's Trek,europe,,,,,,
europe/tag/Dervish+House.html,tag,3,/europe,Dervish House — Exploring Europe — A Tog's Trek,europe,,,,,,
europe/tag/Devon.html,tag,3,/europe,Devon — Exploring Europe — A Tog's Trek,europe,,,,,,
europe/tag/Dorset.html,tag,3,/europe,Dorset — Exploring Europe — A Tog's Trek,europe,,,,,,
europe/tag/Dusseldorf.html,tag,3,/europe,Dusseldorf — Exploring Europe — A Tog's Trek,europe,,,,,,
europe/tag/Duved.html,tag,3,/europe,Duved — Exploring Europe — A Tog's Trek,europe,,,,,,
europe/tag/Düsseldorf.html,tag,3,/europe,Düsseldorf — Exploring Europe — A Tog's Trek,europe,,,,,,
europe/tag/Eden+Project.html,tag,3,/europe,Eden Project — Exploring Europe — A Tog's Trek,europe,,,,,,
europe/tag/Edinburgh.html,tag,3,/europe,Edinburgh — Exploring Europe — A Tog's Trek,europe,,,,,,
europe/tag/Eisriesenwelt+Ice+Caves.html,tag,3,/europe,Eisriesenwelt Ice Caves — Exploring Europe — A Tog's Trek,europe,,,,,,
europe/tag/Ekliden.html,tag,3,/europe,Ekliden — Exploring Europe — A Tog's Trek,europe,,,,,,
europe/tag/Ellesmere+Port.html,tag,3,/europe,Ellesmere Port — Exploring Europe — A Tog's Trek,europe,,,,,,
europe/tag/Elsingor+Castle.html,tag,3,/europe,Elsingor Castle — Exploring Europe — A Tog's Trek,europe,,,,,,
europe/tag/England.html,tag,3,/europe,England — Exploring Europe — A Tog's Trek,europe,,,,,,
europe/tag/Eskilstuna.html,tag,3,/europe,Eskilstuna — Exploring Europe — A Tog's Trek,europe,,,,,,
europe/tag/Europe.html,tag,3,/europe,Europe — Exploring Europe — A Tog's Trek,europe,,,,,,
europe/tag/Fagertärn.html,tag,3,/europe,Fagertärn — Exploring Europe — A Tog's Trek,europe,,,,,,
europe/tag/Fénis.html,tag,3,/europe,Fénis — Exploring Europe — A Tog's Trek,europe,,,,,,
europe/tag/France.html,tag,3,/europe,France — Exploring Europe — A Tog's Trek,europe,,,,,,
europe/tag/Frank+Gerhry.html,tag,3,/europe,Frank Gerhry — Exploring Europe — A Tog's Trek,europe,,,,,,
europe/tag/Friborg.html,tag,3,/europe,Friborg — Exploring Europe — A Tog's Trek,europe,,,,,,
europe/tag/Fribourg.html,tag,3,/europe,Fribourg — Exploring Europe — A Tog's Trek,europe,,,,,,
europe/tag/Gallway.html,tag,3,/europe,Gallway — Exploring Europe — A Tog's Trek,europe,,,,,,
europe/tag/Gamle+Uppsala.html,tag,3,/europe,Gamle Uppsala — Exploring Europe — A Tog's Trek,europe,,,,,,
europe/tag/Gaudi.html,tag,3,/europe,Gaudi — Exploring Europe — A Tog's Trek,europe,,,,,,
europe/tag/Gävle.html,tag,3,/europe,Gävle — Exploring Europe — A Tog's Trek,europe,,,,,,
europe/tag/Gävlebocken.html,tag,3,/europe,Gävlebocken — Exploring Europe — A Tog's Trek,europe,,,,,,
europe/tag/Gävlebokken.html,tag,3,/europe,Gävlebokken — Exploring Europe — A Tog's Trek,europe,,,,,,
europe/tag/Gävleborg.html,tag,3,/europe,Gävleborg — Exploring Europe — A Tog's Trek,europe,,,,,,
europe/tag/Geneva.html,tag,3,/europe,Geneva — Exploring Europe — A Tog's Trek,europe,,,,,,
europe/tag/Giant's+Causeway.html,tag,3,/europe,Giant's Causeway — Exploring Europe — A Tog's Trek,europe,,,,,,
europe/tag/Glanshammar.html,tag,3,/europe,Glanshammar — Exploring Europe — A Tog's Trek,europe,,,,,,
europe/tag/Glastonbury.html,tag,3,/europe,Glastonbury — Exploring Europe — A Tog's Trek,europe,,,,,,
europe/tag/Gotland.html,tag,3,/europe,Gotland — Exploring Europe — A Tog's Trek,europe,,,,,,
europe/tag/Gozo.html,tag,3,/europe,Gozo — Exploring Europe — A Tog's Trek,europe,,,,,,
europe/tag/Greater+London.html,tag,3,/europe,Greater London — Exploring Europe — A Tog's Trek,europe,,,,,,
europe/tag/Greenwich.html,tag,3,/europe,Greenwich — Exploring Europe — A Tog's Trek,europe,,,,,,
europe/tag/Gwynedd.html,tag,3,/europe,Gwynedd — Exploring Europe — A Tog's Trek,europe,,,,,,
europe/tag/HALLGRIMSKIRKJA.html,tag,3,/europe,HALLGRIMSKIRKJA — Exploring Europe — A Tog's Trek,europe,,,,,,
europe/tag/Hagar+Qim.html,tag,3,/europe,Hagar Qim — Exploring Europe — A Tog's Trek,europe,,,,,,
europe/tag/Halland.html,tag,3,/europe,Halland — Exploring Europe — A Tog's Trek,europe,,,,,,
europe/tag/Halmstad.html,tag,3,/europe,Halmstad — Exploring Europe — A Tog's Trek,europe,,,,,,
europe/tag/Hampshire.html,tag,3,/europe,Hampshire — Exploring Europe — A Tog's Trek,europe,,,,,,
europe/tag/Han.html,tag,3,/europe,Han — Exploring Europe — A Tog's Trek,europe,,,,,,
europe/tag/Harry+Potter+World.html,tag,3,/europe,Harry Potter World — Exploring Europe — A Tog's Trek,europe,,,,,,
europe/tag/Helsingborg.html,tag,3,/europe,Helsingborg — Exploring Europe — A Tog's Trek,europe,,,,,,
europe/tag/Helsinki.html,tag,3,/europe,Helsinki — Exploring Europe — A Tog's Trek,europe,,,,,,
europe/tag/Hemavan.html,tag,3,/europe,Hemavan — Exploring Europe — A Tog's Trek,europe,,,,,,
europe/tag/Hermitage.html,tag,3,/europe,Hermitage — Exploring Europe — A Tog's Trek,europe,,,,,,
europe/tag/Hertfordshire.html,tag,3,/europe,Hertfordshire — Exploring Europe — A Tog's Trek,europe,,,,,,
europe/tag/Higgs-Boson.html,tag,3,/europe,Higgs-Boson — Exploring Europe — A Tog's Trek,europe,,,,,,
europe/tag/Hike.html,tag,3,/europe,Hike — Exploring Europe — A Tog's Trek,europe,,,,,,
europe/tag/Hinton+Ampner.html,tag,3,/europe,Hinton Ampner — Exploring Europe — A Tog's Trek,europe,,,,,,
europe/tag/Hohenwerfen+Castle.html,tag,3,/europe,Hohenwerfen Castle — Exploring Europe — A Tog's Trek,europe,,,,,,
europe/tag/Höfn.html,tag,3,/europe,Höfn — Exploring Europe — A Tog's Trek,europe,,,,,,
europe/tag/Högfjället.html,tag,3,/europe,Högfjället — Exploring Europe — A Tog's Trek,europe,,,,,,
europe/tag/Hundfjället.html,tag,3,/europe,Hundfjället — Exploring Europe — A Tog's Trek,europe,,,,,,
europe/tag/ICELANDIC+PHALLOLOGICAL+MUSEUM.html,tag,3,/europe,ICELANDIC PHALLOLOGICAL MUSEUM — Exploring Europe — A Tog's Trek,europe,,,,,,
europe/tag/Ikea+Museum.html,tag,3,/europe,Ikea Museum — Exploring Europe — A Tog's Trek,europe,,,,,,
europe/tag/Illuminate+Festival+2018.html,tag,3,/europe,Illuminate Festival 2018 — Exploring Europe — A Tog's Trek,europe,,,,,,
europe/tag/Illuminate.html,tag,3,/europe,Illuminate — Exploring Europe — A Tog's Trek,europe,,,,,,
europe/tag/Innsbruck.html,tag,3,/europe,Innsbruck — Exploring Europe — A Tog's Trek,europe,,,,,,
europe/tag/Isaberg.html,tag,3,/europe,Isaberg — Exploring Europe — A Tog's Trek,europe,,,,,,
europe/tag/Islands.html,tag,3,/europe,Islands — Exploring Europe — A Tog's Trek,europe,,,,,,
europe/tag/Isle+of+Wight.html,tag,3,/europe,Isle of Wight — Exploring Europe — A Tog's Trek,europe,,,,,,
europe/tag/Isles+of+Arran.html,tag,3,/europe,Isles of Arran — Exploring Europe — A Tog's Trek,europe,,,,,,
europe/tag/Jablanica.html,tag,3,/europe,Jablanica — Exploring Europe — A Tog's Trek,europe,,,,,,
europe/tag/Jakkvik.html,tag,3,/europe,Jakkvik — Exploring Europe — A Tog's Trek,europe,,,,,,
europe/tag/Jämtland.html,tag,3,/europe,Jämtland — Exploring Europe — A Tog's Trek,europe,,,,,,
europe/tag/Jonkoping.html,tag,3,/europe,Jonkoping — Exploring Europe — A Tog's Trek,europe,,,,,,
europe/tag/Jönköping.html,tag,3,/europe,Jönköping — Exploring Europe — A Tog's Trek,europe,,,,,,
europe/tag/Jurmala+Beach.html,tag,3,/europe,Jurmala Beach — Exploring Europe — A Tog's Trek,europe,,,,,,
europe/tag/Jurmala.html,tag,3,/europe,Jurmala — Exploring Europe — A Tog's Trek,europe,,,,,,
europe/tag/Kalmar.html,tag,3,/europe,Kalmar — Exploring Europe — A Tog's Trek,europe,,,,,,
europe/tag/Karlskrona.html,tag,3,/europe,Karlskrona — Exploring Europe — A Tog's Trek,europe,,,,,,
europe/tag/Katerineholm.html,tag,3,/europe,Katerineholm — Exploring Europe — A Tog's Trek,europe,,,,,,
europe/tag/Katrineholms.html,tag,3,/europe,Katrineholms — Exploring Europe — A Tog's Trek,europe,,,,,,
europe/tag/Kew+Gardens.html,tag,3,/europe,Kew Gardens — Exploring Europe — A Tog's Trek,europe,,,,,,
europe/tag/Kiev.html,tag,3,/europe,Kiev — Exploring Europe — A Tog's Trek,europe,,,,,,
europe/tag/Klis.html,tag,3,/europe,Klis — Exploring Europe — A Tog's Trek,europe,,,,,,
europe/tag/Knossos.html,tag,3,/europe,Knossos — Exploring Europe — A Tog's Trek,europe,,,,,,
europe/tag/Konjic.html,tag,3,/europe,Konjic — Exploring Europe — A Tog's Trek,europe,,,,,,
europe/tag/Kos.html,tag,3,/europe,Kos — Exploring Europe — A Tog's Trek,europe,,,,,,
europe/tag/Kravica+waterfall.html,tag,3,/europe,Kravica waterfall — Exploring Europe — A Tog's Trek,europe,,,,,,
europe/tag/Kravica.html,tag,3,/europe,Kravica — Exploring Europe — A Tog's Trek,europe,,,,,,
europe/tag/Kremlin.html,tag,3,/europe,Kremlin — Exploring Europe — A Tog's Trek,europe,,,,,,
europe/tag/Krka+national+park.html,tag,3,/europe,Krka national park — Exploring Europe — A Tog's Trek,europe,,,,,,
europe/tag/Kronoberg+Slottsruin.html,tag,3,/europe,Kronoberg Slottsruin — Exploring Europe — A Tog's Trek,europe,,,,,,
europe/tag/Kronoberg.html,tag,3,/europe,Kronoberg — Exploring Europe — A Tog's Trek,europe,,,,,,
europe/tag/Kungälv.html,tag,3,/europe,Kungälv — Exploring Europe — A Tog's Trek,europe,,,,,,
europe/tag/Kungsleden.html,tag,3,/europe,Kungsleden — Exploring Europe — A Tog's Trek,europe,,,,,,
europe/tag/Kvikkjokk.html,tag,3,/europe,Kvikkjokk — Exploring Europe — A Tog's Trek,europe,,,,,,
europe/tag/Kyiv.html,tag,3,/europe,Kyiv — Exploring Europe — A Tog's Trek,europe,,,,,,
europe/tag/Ladonia.html,tag,3,/europe,Ladonia — Exploring Europe — A Tog's Trek,europe,,,,,,
europe/tag/Lausanne.html,tag,3,/europe,Lausanne — Exploring Europe — A Tog's Trek,europe,,,,,,
europe/tag/Le+Chatelard.html,tag,3,/europe,Le Châtelard — Exploring Europe — A Tog's Trek,europe,,,,,,
europe/tag/Les+Arc+2000.html,tag,3,/europe,Les Arc 2000 — Exploring Europe — A Tog's Trek,europe,,,,,,
europe/tag/Les+Arc.html,tag,3,/europe,Les Arc — Exploring Europe — A Tog's Trek,europe,,,,,,
europe/tag/Lindkoping.html,tag,3,/europe,Lindkoping — Exploring Europe — A Tog's Trek,europe,,,,,,
europe/tag/Lindvallen.html,tag,3,/europe,Lindvallen — Exploring Europe — A Tog's Trek,europe,,,,,,
europe/tag/Linköping.html,tag,3,/europe,Linköping — Exploring Europe — A Tog's Trek,europe,,,,,,
europe/tag/Lisbon.html,tag,3,/europe,Lisbon — Exploring Europe — A Tog's Trek,europe,,,,,,
europe/tag/London.html,tag,3,/europe,London — Exploring Europe — A Tog's Trek,europe,,,,,,
europe/tag/Ludlow.html,tag,3,/europe,Ludlow — Exploring Europe — A Tog's Trek,europe,,,,,,
europe/tag/Lund.html,tag,3,/europe,Lund — Exploring Europe — A Tog's Trek,europe,,,,,,
europe/tag/Lyckå+Slottsruin.html,tag,3,/europe,Lyckå Slottsruin — Exploring Europe — A Tog's Trek,europe,,,,,,
europe/tag/Lyckeby.html,tag,3,/europe,Lyckeby — Exploring Europe — A Tog's Trek,europe,,,,,,
europe/tag/Lymingtom.html,tag,3,/europe,Lymingtom — Exploring Europe — A Tog's Trek,europe,,,,,,
europe/tag/Lyndhurst.html,tag,3,/europe,Lyndhurst — Exploring Europe — A Tog's Trek,europe,,,,,,
europe/tag/Mainland+Norway.html,tag,3,/europe,Mainland Norway — Exploring Europe — A Tog's Trek,europe,,,,,,
europe/tag/Malmo.html,tag,3,/europe,Malmo — Exploring Europe — A Tog's Trek,europe,,,,,,
europe/tag/Malmö.html,tag,3,/europe,Malmö — Exploring Europe — A Tog's Trek,europe,,,,,,
europe/tag/Malta.html,tag,3,/europe,Malta — Exploring Europe — A Tog's Trek,europe,,,,,,
europe/tag/Malung.html,tag,3,/europe,Malung — Exploring Europe — A Tog's Trek,europe,,,,,,
europe/tag/Marsaxlokk.html,tag,3,/europe,Marsaxlokk — Exploring Europe — A Tog's Trek,europe,,,,,,
europe/tag/Marstrand.html,tag,3,/europe,Marstrand — Exploring Europe — A Tog's Trek,europe,,,,,,
europe/tag/Marwell+Zoo.html,tag,3,/europe,Marwell Zoo — Exploring Europe — A Tog's Trek,europe,,,,,,
europe/tag/Mdina.html,tag,3,/europe,Mdina — Exploring Europe — A Tog's Trek,europe,,,,,,
europe/tag/Medeltidsveckans.html,tag,3,/europe,Medeltidsveckans — Exploring Europe — A Tog's Trek,europe,,,,,,
europe/tag/Megalith.html,tag,3,/europe,Megalith — Exploring Europe — A Tog's Trek,europe,,,,,,
europe/tag/Mnajdra.html,tag,3,/europe,Mnajdra — Exploring Europe — A Tog's Trek,europe,,,,,,
europe/tag/Monaco.html,tag,3,/europe,Monaco — Exploring Europe — A Tog's Trek,europe,,,,,,
europe/tag/Mont+Blanc.html,tag,3,/europe,Mont Blanc — Exploring Europe — A Tog's Trek,europe,,,,,,
europe/tag/Mont+Saint-Michel.html,tag,3,/europe,Mont Saint-Michel — Exploring Europe — A Tog's Trek,europe,,,,,,
europe/tag/Mora.html,tag,3,/europe,Mora — Exploring Europe — A Tog's Trek,europe,,,,,,
europe/tag/Morzine.html,tag,3,/europe,Morzine — Exploring Europe — A Tog's Trek,europe,,,,,,
europe/tag/Moscow.html,tag,3,/europe,Moscow — Exploring Europe — A Tog's Trek,europe,,,,,,
europe/tag/Mostar.html,tag,3,/europe,Mostar — Exploring Europe — A Tog's Trek,europe,,,,,,
europe/tag/Mozart.html,tag,3,/europe,Mozart — Exploring Europe — A Tog's Trek,europe,,,,,,
europe/tag/Munich.html,tag,3,/europe,Munich — Exploring Europe — A Tog's Trek,europe,,,,,,
europe/tag/Myerin.html,tag,3,/europe,Myerin — Exploring Europe — A Tog's Trek,europe,,,,,,
europe/tag/NORGE.html,tag,3,/europe,NORGE — Exploring Europe — A Tog's Trek,europe,,,,,,
europe/tag/Needles.html,tag,3,/europe,Needles — Exploring Europe — A Tog's Trek,europe,,,,,,
europe/tag/Neretva+Novo+Most.html,tag,3,/europe,Neretva Novo Most — Exploring Europe — A Tog's Trek,europe,,,,,,
europe/tag/Neretva.html,tag,3,/europe,Neretva — Exploring Europe — A Tog's Trek,europe,,,,,,
europe/tag/Newcastle-Under-Lyme.html,tag,3,/europe,Newcastle-Under-Lyme — Exploring Europe — A Tog's Trek,europe,,,,,,
europe/tag/Newport.html,tag,3,/europe,Newport — Exploring Europe — A Tog's Trek,europe,,,,,,
europe/tag/Nice.html,tag,3,/europe,Nice — Exploring Europe — A Tog's Trek,europe,,,,,,
europe/tag/Norbotten.html,tag,3,/europe,Norbotten — Exploring Europe — A Tog's Trek,europe,,,,,,
europe/tag/Norfolk.html,tag,3,/europe,Norfolk — Exploring Europe — A Tog's Trek,europe,,,,,,
europe/tag/Norrköping.html,tag,3,/europe,Norrköping — Exploring Europe — A Tog's Trek,europe,,,,,,
europe/tag/Northern+Ireland.html,tag,3,/europe,Northern Ireland — Exploring Europe — A Tog's Trek,europe,,,,,,
europe/tag/Norwich.html,tag,3,/europe,Norwich — Exploring Europe — A Tog's Trek,europe,,,,,,
europe/tag/Ny-Alesund.html,tag,3,/europe,Ny-Alesund — Exploring Europe — A Tog's Trek,europe,,,,,,
europe/tag/Nyhaven.html,tag,3,/europe,Nyhaven — Exploring Europe — A Tog's Trek,europe,,,,,,
europe/tag/Okehampton.html,tag,3,/europe,Okehampton — Exploring Europe — A Tog's Trek,europe,,,,,,
europe/tag/Old+Bushmills+Distillery.html,tag,3,/europe,Old Bushmills Distillery — Exploring Europe — A Tog's Trek,europe,,,,,,
europe/tag/Orebro.html,tag,3,/europe,Orebro — Exploring Europe — A Tog's Trek,europe,,,,,,
europe/tag/Organ+Pipes.html,tag,3,/europe,Organ Pipes — Exploring Europe — A Tog's Trek,europe,,,,,,
europe/tag/Orust.html,tag,3,/europe,Orust — Exploring Europe — A Tog's Trek,europe,,,,,,
europe/tag/Oslo.html,tag,3,/europe,Oslo — Exploring Europe — A Tog's Trek,europe,,,,,,
europe/tag/Örebro+Slott.html,tag,3,/europe,Örebro Slott — Exploring Europe — A Tog's Trek,europe,,,,,,
europe/tag/Örebro.html,tag,3,/europe,Örebro — Exploring Europe — A Tog's Trek,europe,,,,,,
europe/tag/Örnsköldsvik.html,tag,3,/europe,Örnsköldsvik — Exploring Europe — A Tog's Trek,europe,,,,,,
europe/tag/Östergötland.html,tag,3,/europe,Östergötland — Exploring Europe — A Tog's Trek,europe,,,,,,
europe/tag/Palace+of+Faistos.html,tag,3,/europe,Palace of Faistos — Exploring Europe — A Tog's Trek,europe,,,,,,
europe/tag/Par.html,tag,3,/europe,Par — Exploring Europe — A Tog's Trek,europe,,,,,,
europe/tag/Park+Zoo.html,tag,3,/europe,Park Zoo — Exploring Europe — A Tog's Trek,europe,,,,,,
europe/tag/Paultons+Park.html,tag,3,/europe,Paultons Park — Exploring Europe — A Tog's Trek,europe,,,,,,
europe/tag/Peace+Wall.html,tag,3,/europe,Peace Wall — Exploring Europe — A Tog's Trek,europe,,,,,,
europe/tag/Peisey-Vallandry.html,tag,3,/europe,Peisey-Vallandry. — Exploring Europe — A Tog's Trek,europe,,,,,,
europe/tag/Peppa+Pig+World.html,tag,3,/europe,Peppa Pig World — Exploring Europe — A Tog's Trek,europe,,,,,,
europe/tag/Pest.html,tag,3,/europe,Pest — Exploring Europe — A Tog's Trek,europe,,,,,,
europe/tag/Pocitelj.html,tag,3,/europe,Pocitelj — Exploring Europe — A Tog's Trek,europe,,,,,,
europe/tag/Počiteljska+utvrda.html,tag,3,/europe,Počiteljska utvrda — Exploring Europe — A Tog's Trek,europe,,,,,,
europe/tag/Poiana+Braşov.html,tag,3,/europe,Poiana Braşov — Exploring Europe — A Tog's Trek,europe,,,,,,
europe/tag/Porta+Pretoria.html,tag,3,/europe,Porta Pretoria — Exploring Europe — A Tog's Trek,europe,,,,,,
europe/tag/Portland+Bill.html,tag,3,/europe,Portland Bill — Exploring Europe — A Tog's Trek,europe,,,,,,
europe/tag/Portland+Bills.html,tag,3,/europe,Portland Bills — Exploring Europe — A Tog's Trek,europe,,,,,,
europe/tag/Portland.html,tag,3,/europe,Portland — Exploring Europe — A Tog's Trek,europe,,,,,,
europe/tag/Porto.html,tag,3,/europe,Porto — Exploring Europe — A Tog's Trek,europe,,,,,,
europe/tag/Prague.html,tag,3,/europe,Prague — Exploring Europe — A Tog's Trek,europe,,,,,,
europe/tag/Rabat.html,tag,3,/europe,Rabat — Exploring Europe — A Tog's Trek,europe,,,,,,
europe/tag/Red+Square.html,tag,3,/europe,Red Square — Exploring Europe — A Tog's Trek,europe,,,,,,
europe/tag/Reykjavik.html,tag,3,/europe,Reykjavik — Exploring Europe — A Tog's Trek,europe,,,,,,
europe/tag/Richmond+Park.html,tag,3,/europe,Richmond Park — Exploring Europe — A Tog's Trek,europe,,,,,,
europe/tag/Richmond.html,tag,3,/europe,Richmond — Exploring Europe — A Tog's Trek,europe,,,,,,
europe/tag/Riga.html,tag,3,/europe,Riga — Exploring Europe — A Tog's Trek,europe,,,,,,
europe/tag/Rome.html,tag,3,/europe,Rome — Exploring Europe — A Tog's Trek,europe,,,,,,
europe/tag/Romme+Alpin.html,tag,3,/europe,Romme Alpin — Exploring Europe — A Tog's Trek,europe,,,,,,
europe/tag/Ruin+Bar.html,tag,3,/europe,Ruin Bar — Exploring Europe — A Tog's Trek,europe,,,,,,
europe/tag/Ruins.html,tag,3,/europe,Ruins — Exploring Europe — A Tog's Trek,europe,,,,,,
europe/tag/Ryd.html,tag,3,/europe,Ryd — Exploring Europe — A Tog's Trek,europe,,,,,,
europe/tag/SUNSEEKER+STATUE.html,tag,3,/europe,SUNSEEKER STATUE — Exploring Europe — A Tog's Trek,europe,,,,,,
europe/tag/Sagra+de+Famillia.html,tag,3,/europe,Sagra de Famillia — Exploring Europe — A Tog's Trek,europe,,,,,,
europe/tag/Salisbury.html,tag,3,/europe,Salisbury — Exploring Europe — A Tog's Trek,europe,,,,,,
europe/tag/Salzburg.html,tag,3,/europe,Salzburg — Exploring Europe — A Tog's Trek,europe,,,,,,
europe/tag/Sarajevo.html,tag,3,/europe,Sarajevo — Exploring Europe — A Tog's Trek,europe,,,,,,
europe/tag/Saro.html,tag,3,/europe,Saro — Exploring Europe — A Tog's Trek,europe,,,,,,
europe/tag/Sälen.html,tag,3,/europe,Sälen — Exploring Europe — A Tog's Trek,europe,,,,,,
europe/tag/Scotland.html,tag,3,/europe,Scotland — Exploring Europe — A Tog's Trek,europe,,,,,,
europe/tag/Seeing+Sweden.html,tag,3,/europe,Seeing Sweden — Exploring Europe — A Tog's Trek,europe,,,,,,
europe/tag/Senoji+Kibininė+Picerija.html,tag,3,/europe,Senoji Kibininė Picerija — Exploring Europe — A Tog's Trek,europe,,,,,,
europe/tag/Shropshire.html,tag,3,/europe,Shropshire — Exploring Europe — A Tog's Trek,europe,,,,,,
europe/tag/Sigurdsristningen.html,tag,3,/europe,Sigurdsristningen — Exploring Europe — A Tog's Trek,europe,,,,,,
europe/tag/Silema.html,tag,3,/europe,Silema — Exploring Europe — A Tog's Trek,europe,,,,,,
europe/tag/Skanör.html,tag,3,/europe,Skanör — Exploring Europe — A Tog's Trek,europe,,,,,,
europe/tag/Skåne.html,tag,3,/europe,Skåne — Exploring Europe — A Tog's Trek,europe,,,,,,
europe/tag/Ski.html,tag,3,/europe,Ski — Exploring Europe — A Tog's Trek,europe,,,,,,
europe/tag/Skiing.html,tag,3,/europe,Skiing — Exploring Europe — A Tog's Trek,europe,,,,,,
europe/tag/Snaefellsnes.html,tag,3,/europe,Snaefellsnes — Exploring Europe — A Tog's Trek,europe,,,,,,
europe/tag/Snowboarding.html,tag,3,/europe,Snowboarding — Exploring Europe — A Tog's Trek,europe,,,,,,
europe/tag/Snæfellsnes.html,tag,3,/europe,Snæfellsnes — Exploring Europe — A Tog's Trek,europe,,,,,,
europe/tag/Sofia.html,tag,3,/europe,Sofia — Exploring Europe — A Tog's Trek,europe,,,,,,
europe/tag/Somerset.html,tag,3,/europe,Somerset — Exploring Europe — A Tog's Trek,europe,,,,,,
europe/tag/Southampton.html,tag,3,/europe,Southampton — Exploring Europe — A Tog's Trek,europe,,,,,,
europe/tag/Södermanland.html,tag,3,/europe,Södermanland — Exploring Europe — A Tog's Trek,europe,,,,,,
europe/tag/Split.html,tag,3,/europe,Split — Exploring Europe — A Tog's Trek,europe,,,,,,
europe/tag/St+Juliens.html,tag,3,/europe,St Juliens — Exploring Europe — A Tog's Trek,europe,,,,,,
europe/tag/St-2.html,tag,3,/europe,St. Paul's Cathedral — Exploring Europe — A Tog's Trek,europe,,,,,,
europe/tag/St-3.html,tag,3,/europe,St. Petersburg — Exploring Europe — A Tog's Trek,europe,,,,,,
europe/tag/St.html,tag,3,/europe,St. Paul's Catacombs — Exploring Europe — A Tog's Trek,europe,,,,,,
europe/tag/Staffordshire.html,tag,3,/europe,Staffordshire — Exploring Europe — A Tog's Trek,europe,,,,,,
europe/tag/Stanton+Drew.html,tag,3,/europe,Stanton Drew — Exploring Europe — A Tog's Trek,europe,,,,,,
europe/tag/Stockholm.html,tag,3,/europe,Stockholm — Exploring Europe — A Tog's Trek,europe,,,,,,
europe/tag/Stone+Circles.html,tag,3,/europe,Stone Circles — Exploring Europe — A Tog's Trek,europe,,,,,,
europe/tag/Stonehenge.html,tag,3,/europe,Stonehenge — Exploring Europe — A Tog's Trek,europe,,,,,,
europe/tag/Stratford-Upon-Avon.html,tag,3,/europe,Stratford-Upon-Avon — Exploring Europe — A Tog's Trek,europe,,,,,,
europe/tag/Svalbard.html,tag,3,,A Tog's Trek,europe,,,,,,
europe/tag/THINGVELLIR+NATIONAL+PARK.html,tag,3,/europe,THINGVELLIR NATIONAL PARK — Exploring Europe — A Tog's Trek,europe,,,,,,
europe/tag/TT+Alpine.html,tag,3,/europe,TT Alpine — Exploring Europe — A Tog's Trek,europe,,,,,,
europe/tag/TT+Boarding.html,tag,3,/europe,TT Boarding — Exploring Europe — A Tog's Trek,europe,,,,,,
europe/tag/TT+Iceland.html,tag,3,/europe,TT Iceland — Exploring Europe — A Tog's Trek,europe,,,,,,
europe/tag/TT+Pink+Streets+&+Tiles.html,tag,3,/europe,TT Pink Streets & Tiles — Exploring Europe — A Tog's Trek,europe,,,,,,
europe/tag/TT+Silent.html,tag,3,/europe,TT Silent — Exploring Europe — A Tog's Trek,europe,,,,,,
europe/tag/Talinn.html,tag,3,/europe,Talinn — Exploring Europe — A Tog's Trek,europe,,,,,,
europe/tag/Tandådalen.html,tag,3,/europe,Tandådalen — Exploring Europe — A Tog's Trek,europe,,,,,,
europe/tag/Tarxien+Temples.html,tag,3,/europe,Tarxien Temples — Exploring Europe — A Tog's Trek,europe,,,,,,
europe/tag/Thing.html,tag,3,/europe,Thing — Exploring Europe — A Tog's Trek,europe,,,,,,
europe/tag/Tived.html,tag,3,/europe,Tived — Exploring Europe — A Tog's Trek,europe,,,,,,
europe/tag/Tiveden+National+Park.html,tag,3,/europe,Tiveden National Park — Exploring Europe — A Tog's Trek,europe,,,,,,
europe/tag/Tiveden.html,tag,3,/europe,Tiveden — Exploring Europe — A Tog's Trek,europe,,,,,,
europe/tag/Train.html,tag,3,/europe,Train — Exploring Europe — A Tog's Trek,europe,,,,,,
europe/tag/Trakai+Castle.html,tag,3,/europe,Trakai Castle — Exploring Europe — A Tog's Trek,europe,,,,,,
europe/tag/Trakai+Island+Castle.html,tag,3,/europe,Trakai Island Castle — Exploring Europe — A Tog's Trek,europe,,,,,,
europe/tag/Trakai.html,tag,3,/europe,Trakai — Exploring Europe — A Tog's Trek,europe,,,,,,
europe/tag/Triton+Fountain.html,tag,3,/europe,Triton Fountain — Exploring Europe — A Tog's Trek,europe,,,,,,
europe/tag/Tuna.html,tag,3,/europe,Tuna — Exploring Europe — A Tog's Trek,europe,,,,,,
europe/tag/Turin.html,tag,3,/europe,Turin — Exploring Europe — A Tog's Trek,europe,,,,,,
europe/tag/UN.html,tag,3,/europe,UN — Exploring Europe — A Tog's Trek,europe,,,,,,
europe/tag/Ullånger.html,tag,3,/europe,Ullånger — Exploring Europe — A Tog's Trek,europe,,,,,,
europe/tag/Ulricehamn.html,tag,3,/europe,Ulricehamn — Exploring Europe — A Tog's Trek,europe,,,,,,
europe/tag/Umeå.html,tag,3,/europe,Umeå — Exploring Europe — A Tog's Trek,europe,,,,,,
europe/tag/Uppsala.html,tag,3,/europe,Uppsala — Exploring Europe — A Tog's Trek,europe,,,,,,
europe/tag/Vaduz.html,tag,3,/europe,Vaduz — Exploring Europe — A Tog's Trek,europe,,,,,,
europe/tag/Valletta.html,tag,3,/europe,Valletta — Exploring Europe — A Tog's Trek,europe,,,,,,
europe/tag/Varberg.html,tag,3,/europe,Varberg — Exploring Europe — A Tog's Trek,europe,,,,,,
europe/tag/Varmland.html,tag,3,/europe,Varmland — Exploring Europe — A Tog's Trek,europe,,,,,,
europe/tag/Varmlands.html,tag,3,/europe,Varmlands — Exploring Europe — A Tog's Trek,europe,,,,,,
europe/tag/Vastra+Gotaland.html,tag,3,/europe,Vastra Gotaland — Exploring Europe — A Tog's Trek,europe,,,,,,
europe/tag/Värmland.html,tag,3,/europe,Värmland — Exploring Europe — A Tog's Trek,europe,,,,,,
europe/tag/Västerås.html,tag,3,/europe,Västerås — Exploring Europe — A Tog's Trek,europe,,,,,,
europe/tag/Västerbotten.html,tag,3,/europe,Västerbotten — Exploring Europe — A Tog's Trek,europe,,,,,,
europe/tag/Västernorrland.html,tag,3,/europe,Västernorrland — Exploring Europe — A Tog's Trek,europe,,,,,,
europe/tag/Västmanland.html,tag,3,/europe,Västmanland — Exploring Europe — A Tog's Trek,europe,,,,,,
europe/tag/Västra+Götaland.html,tag,3,/europe,Västra Götaland — Exploring Europe — A Tog's Trek,europe,,,,,,
europe/tag/Växjö.html,tag,3,/europe,Växjö — Exploring Europe — A Tog's Trek,europe,,,,,,
europe/tag/Vik.html,tag,3,/europe,Vik — Exploring Europe — A Tog's Trek,europe,,,,,,
europe/tag/Vilnius.html,tag,3,/europe,Vilnius — Exploring Europe — A Tog's Trek,europe,,,,,,
europe/tag/Visby.html,tag,3,/europe,Visby — Exploring Europe — A Tog's Trek,europe,,,,,,
europe/tag/Vlads+Castle.html,tag,3,/europe,Vlads Castle — Exploring Europe — A Tog's Trek,europe,,,,,,
europe/tag/Voorschoten.html,tag,3,/europe,Voorschoten — Exploring Europe — A Tog's Trek,europe,,,,,,
europe/tag/Vrångö.html,tag,3,/europe,Vrångö — Exploring Europe — A Tog's Trek,europe,,,,,,
europe/tag/Wales.html,tag,3,/europe,Wales — Exploring Europe — A Tog's Trek,europe,,,,,,
europe/tag/Warsaw.html,tag,3,/europe,Warsaw — Exploring Europe — A Tog's Trek,europe,,,,,,
europe/tag/Warwick+Castle.html,tag,3,/europe,Warwick Castle — Exploring Europe — A Tog's Trek,europe,,,,,,
europe/tag/Warwick.html,tag,3,/europe,Warwick — Exploring Europe — A Tog's Trek,europe,,,,,,
europe/tag/Warwickshire.html,tag,3,/europe,Warwickshire — Exploring Europe — A Tog's Trek,europe,,,,,,
europe/tag/Wermeck.html,tag,3,/europe,Wermeck — Exploring Europe — A Tog's Trek,europe,,,,,,
europe/tag/West+Midands.html,tag,3,/europe,West Midands — Exploring Europe — A Tog's Trek,europe,,,,,,
europe/tag/Weymouth.html,tag,3,/europe,Weymouth — Exploring Europe — A Tog's Trek,europe,,,,,,
europe/tag/Whale.html,tag,3,/europe,Whale — Exploring Europe — A Tog's Trek,europe,,,,,,
europe/tag/Whalewatching.html,tag,3,/europe,Whalewatching — Exploring Europe — A Tog's Trek,europe,,,,,,
europe/tag/Wiltshire.html,tag,3,/europe,Wiltshire — Exploring Europe — A Tog's Trek,europe,,,,,,
europe/tag/Winchester.html,tag,3,/europe,Winchester — Exploring Europe — A Tog's Trek,europe,,,,,,
europe/tag/Windsor+Castle.html,tag,3,/europe,Windsor Castle — Exploring Europe — A Tog's Trek,europe,,,,,,
europe/tag/Windsor.html,tag,3,/europe,Windsor — Exploring Europe — A Tog's Trek,europe,,,,,,
europe/tag/Winterbourne+Abbas.html,tag,3,/europe,Winterbourne Abbas — Exploring Europe — A Tog's Trek,europe,,,,,,
europe/tag/Woburn.html,tag,3,/europe,Woburn — Exploring Europe — A Tog's Trek,europe,,,,,,
europe/tag/Woolwich.html,tag,3,/europe,Woolwich — Exploring Europe — A Tog's Trek,europe,,,,,,
europe/tag/World+Cup.html,tag,3,/europe,World Cup — Exploring Europe — A Tog's Trek,europe,,,,,,
europe/tag/Ystad.html,tag,3,/europe,Ystad — Exploring Europe — A Tog's Trek,europe,,,,,,
europe/tag/Zoo.html,tag,3,/europe,Zoo — Exploring Europe — A Tog's Trek,europe,,,,,,
europe/tag/Zurich.html,tag,3,/europe,Zurich — Exploring Europe — A Tog's Trek,europe,,,,,,
europe/tag/helsingor.html,tag,3,/europe,helsingor — Exploring Europe — A Tog's Trek,europe,,,,,,
europe/tag/waterfall.html,tag,3,/europe,waterfall — Exploring Europe — A Tog's Trek,europe,,,,,,
europe/talinn.html,continent_place_candidate,2,/europe,Talinn — A Tog's Trek,europe,,talinn,,,,
europe/template-dkdzz.html,noise_template,2,/europe,Bakagerði — A Tog's Trek,europe,,,,,,
europe/ukraine/kyiv.html,continent_place_candidate,3,/europe,Kyiv — A Tog's Trek,europe,ukraine,kyiv,,,,
europe/united-kingdom/devon/exeter.html,continent_place_candidate,4,/europe,Exeter & Castle Drogo — A Tog's Trek,europe,united-kingdom,exeter,,,,
europe/united-kingdom/devon/okehampson.html,continent_place_candidate,4,/europe,Okehampton — A Tog's Trek,europe,united-kingdom,okehampson,,,,
europe/united-kingdom/engand/staffordshire/newcastle-under-lyme.html,continent_place_candidate,5,/europe,Newcastle-Under-Lyme — A Tog's Trek,europe,united-kingdom,newcastle-under-lyme,,,,
europe/united-kingdom/england/bedfordshire/whipsnade.html,continent_place_candidate,5,/europe,Whipsnade — A Tog's Trek,europe,united-kingdom,whipsnade,,,,
europe/united-kingdom/england/bedfordshire/woburn.html,continent_place_candidate,5,/europe,Woburn — A Tog's Trek,europe,united-kingdom,woburn,,,,
europe/united-kingdom/england/berkshire/windsor.html,continent_place_candidate,5,/europe,Windsor — A Tog's Trek,europe,united-kingdom,windsor,,,,
europe/united-kingdom/england/cheshire/elsemere-port.html,continent_place_candidate,5,/europe,Ellesmere Port — A Tog's Trek,europe,united-kingdom,elsemere-port,,,,
europe/united-kingdom/england/cornwall.html,continent_place_candidate,4,/europe,Par — A Tog's Trek,europe,united-kingdom,cornwall,,,,
europe/united-kingdom/england/devon/chagford.html,continent_place_candidate,5,/europe,Chagford — A Tog's Trek,europe,united-kingdom,chagford,,,,
europe/united-kingdom/england/dorset/abbotsbury.html,continent_place_candidate,5,/europe,Abbotsbury — A Tog's Trek,europe,united-kingdom,abbotsbury,,,,
europe/united-kingdom/england/dorset/portland-bill.html,continent_place_candidate,5,/europe,Portland Bill — A Tog's Trek,europe,united-kingdom,portland-bill,,,,
europe/united-kingdom/england/dorset/weymouth.html,continent_place_candidate,5,/europe,Weymouth — A Tog's Trek,europe,united-kingdom,weymouth,,,,
europe/united-kingdom/england/dorset/winterbourne-abbas.html,continent_place_candidate,5,/europe,Winterbourne Abbas — A Tog's Trek,europe,united-kingdom,winterbourne-abbas,,,,
europe/united-kingdom/england/greater-london/greenwich.html,continent_place_candidate,5,/europe,Greenwich — A Tog's Trek,europe,united-kingdom,greenwich,,,,
europe/united-kingdom/england/greater-london/london.html,continent_place_candidate,5,/europe,London — A Tog's Trek,europe,united-kingdom,london,,,,
europe/united-kingdom/england/greater-london/woolwich.html,continent_place_candidate,5,/europe,Woolwich — A Tog's Trek,europe,united-kingdom,woolwich,,,,
europe/united-kingdom/england/hampshire/andover.html,continent_place_candidate,5,/europe,Andover — A Tog's Trek,europe,united-kingdom,andover,,,,
europe/united-kingdom/england/hampshire/lyndhurst.html,continent_place_candidate,5,/europe,Lyndhurst — A Tog's Trek,europe,united-kingdom,lyndhurst,,,,
europe/united-kingdom/england/isle-of-wight/cowes.html,continent_place_candidate,5,/europe,Cowes & East Cowes — A Tog's Trek,europe,united-kingdom,cowes,,,,
europe/united-kingdom/england/isle-of-wight/newport.html,continent_place_candidate,5,/europe,Newport — A Tog's Trek,europe,united-kingdom,newport,,,,
europe/united-kingdom/england/isle-of-wight/the-needles-headland.html,continent_place_candidate,5,/europe,The Needles Headland & Tennyson Down — A Tog's Trek,europe,united-kingdom,the-needles-headland,,,,
europe/united-kingdom/england/lymingtom.html,continent_place_candidate,4,/europe,Lymington — A Tog's Trek,europe,united-kingdom,lymingtom,,,,
europe/united-kingdom/england/norfolk/norwich.html,continent_place_candidate,5,/europe,Norwich — A Tog's Trek,europe,united-kingdom,norwich,,,,
europe/united-kingdom/england/salisbury.html,continent_place_candidate,4,/europe,Salisbury — A Tog's Trek,europe,united-kingdom,salisbury,,,,
europe/united-kingdom/england/shropshire/ludlow.html,continent_place_candidate,5,/europe,Ludlow — A Tog's Trek,europe,united-kingdom,ludlow,,,,
europe/united-kingdom/england/somerset/glastonbury.html,continent_place_candidate,5,/europe,Glastonbury — A Tog's Trek,europe,united-kingdom,glastonbury,,,,
europe/united-kingdom/england/somerset/stanton-drew.html,continent_place_candidate,5,/europe,Stanton Drew — A Tog's Trek,europe,united-kingdom,stanton-drew,,,,
europe/united-kingdom/england/southampton.html,continent_place_candidate,4,/europe,Southampton — A Tog's Trek,europe,united-kingdom,southampton,,,,
europe/united-kingdom/england/warwickshire/warwick.html,continent_place_candidate,5,/europe,Warwick — A Tog's Trek,europe,united-kingdom,warwick,,,,
europe/united-kingdom/england/watford.html,continent_place_candidate,4,/europe,Watford — A Tog's Trek,europe,united-kingdom,watford,,,,
europe/united-kingdom/england/west-midlands/coventry.html,continent_place_candidate,5,/europe,Coventry — A Tog's Trek,europe,united-kingdom,coventry,,,,
europe/united-kingdom/england/winchester.html,continent_place_candidate,4,/europe,Winchester — A Tog's Trek,europe,united-kingdom,winchester,,,,
europe/united-kingdom/greater-london/richmond.html,continent_place_candidate,4,/europe,Richmond — A Tog's Trek,europe,united-kingdom,richmond,,,,
europe/united-kingdom/northern-ireland/ballymena.html,continent_place_candidate,4,/europe,Ballymena — A Tog's Trek,europe,united-kingdom,ballymena,,,,
europe/united-kingdom/northern-ireland/ballymoney.html,continent_place_candidate,4,/europe,Ballymoney — A Tog's Trek,europe,united-kingdom,ballymoney,,,,
europe/united-kingdom/northern-ireland/belfast.html,continent_place_candidate,4,/europe,Belfast — A Tog's Trek,europe,united-kingdom,belfast,,,,
europe/united-kingdom/northern-ireland/bushmills.html,continent_place_candidate,4,/europe,Bushmills & The Giant's Causeway — A Tog's Trek,europe,united-kingdom,bushmills,,,,
europe/united-kingdom/northern-ireland/carrickfergus.html,continent_place_candidate,4,/europe,Carrickfergus — A Tog's Trek,europe,united-kingdom,carrickfergus,,,,
europe/united-kingdom/scotland/edinburg.html,continent_place_candidate,4,/europe,Edinburgh — A Tog's Trek,europe,united-kingdom,edinburg,,,,
europe/united-kingdom/wales/conwy.html,continent_place_candidate,4,/europe,Conwy — A Tog's Trek,europe,united-kingdom,conwy,,,,
europe/united-kingdom/wales/gwynedd/bala.html,continent_place_candidate,5,/europe,Bala — A Tog's Trek,europe,united-kingdom,bala,,,,
europe/vasterbotten/hemavan.html,continent_place_candidate,3,/europe,Hemavan — A Tog's Trek,europe,vasterbotten,hemavan,,,,
europe/vasternorrland/ornskoldsvik.html,continent_place_candidate,3,/europe,Örnsköldsvik — A Tog's Trek,europe,vasternorrland,ornskoldsvik,,,,
europe/vasternorrland/ullanger.html,continent_place_candidate,3,/europe,Ullånger — A Tog's Trek,europe,vasternorrland,ullanger,,,,
europe/vastmanland/vasteras.html,continent_place_candidate,3,/europe,Västerås — A Tog's Trek,europe,vastmanland,vasteras,,,,
europe.html,root_misc,1,/europe,Exploring Europe — A Tog's Trek,europe,,,,,,
europe09f8.html,root_misc,1,/europe,Exploring Europe — A Tog's Trek,,,,,,,
europe10c6.html,root_misc,1,/europe,Exploring Europe — A Tog's Trek,,,,,,,
europe129f.html,root_misc,1,/europe,Exploring Europe — A Tog's Trek,,,,,,,
europe144e.html,root_misc,1,/europe,Exploring Europe — A Tog's Trek,,,,,,,
europe2607.html,root_misc,1,/europe,Exploring Europe — A Tog's Trek,,,,,,,
europe2aaa.html,root_misc,1,/europe,Exploring Europe — A Tog's Trek,,,,,,,
europe2d7b.html,root_misc,1,/europe,Exploring Europe — A Tog's Trek,,,,,,,
europe3205.html,root_misc,1,/europe,Exploring Europe — A Tog's Trek,,,,,,,
europe347a.html,root_misc,1,/europe,Exploring Europe — A Tog's Trek,,,,,,,
europe35f0.html,root_misc,1,/europe,Exploring Europe — A Tog's Trek,,,,,,,
europe3d45.html,root_misc,1,/europe,Exploring Europe — A Tog's Trek,,,,,,,
europe3e9a.html,root_misc,1,/europe,Exploring Europe — A Tog's Trek,,,,,,,
europe40be.html,root_misc,1,/europe,Exploring Europe — A Tog's Trek,,,,,,,
europe47c8.html,root_misc,1,/europe,Exploring Europe — A Tog's Trek,,,,,,,
europe48de.html,root_misc,1,/europe,Exploring Europe — A Tog's Trek,,,,,,,
europe4b82.html,root_misc,1,/europe,Exploring Europe — A Tog's Trek,,,,,,,
europe50af.html,root_misc,1,/europe,Exploring Europe — A Tog's Trek,,,,,,,
europe52e4.html,root_misc,1,/europe,Exploring Europe — A Tog's Trek,,,,,,,
europe5a73.html,root_misc,1,/europe,Exploring Europe — A Tog's Trek,,,,,,,
europe5d52.html,root_misc,1,/europe,Exploring Europe — A Tog's Trek,,,,,,,
europe5da9.html,root_misc,1,/europe,Exploring Europe — A Tog's Trek,,,,,,,
europe6388.html,root_misc,1,/europe,Exploring Europe — A Tog's Trek,,,,,,,
europe6921.html,root_misc,1,/europe,Exploring Europe — A Tog's Trek,,,,,,,
europe70fa.html,root_misc,1,/europe,Exploring Europe — A Tog's Trek,,,,,,,
europe7134.html,root_misc,1,/europe,Exploring Europe — A Tog's Trek,,,,,,,
europe71df.html,root_misc,1,/europe,Exploring Europe — A Tog's Trek,,,,,,,
europe72c5.html,root_misc,1,/europe,Exploring Europe — A Tog's Trek,,,,,,,
europe7829.html,root_misc,1,/europe,Exploring Europe — A Tog's Trek,,,,,,,
europe78c6.html,root_misc,1,/europe,Exploring Europe — A Tog's Trek,,,,,,,
europe7c03.html,root_misc,1,/europe,Exploring Europe — A Tog's Trek,,,,,,,
europe8629.html,root_misc,1,/europe,Exploring Europe — A Tog's Trek,,,,,,,
europe90e5.html,root_misc,1,/europe,Exploring Europe — A Tog's Trek,,,,,,,
europe914f.html,root_misc,1,/europe,Exploring Europe — A Tog's Trek,,,,,,,
europe91da.html,root_misc,1,/europe,Exploring Europe — A Tog's Trek,,,,,,,
europe9322.html,root_misc,1,/europe,Exploring Europe — A Tog's Trek,,,,,,,
europe9e4d.html,root_misc,1,/europe,Exploring Europe — A Tog's Trek,,,,,,,
europea05d.html,root_misc,1,/europe,Exploring Europe — A Tog's Trek,,,,,,,
europea4ca.html,root_misc,1,/europe,Exploring Europe — A Tog's Trek,,,,,,,
europeacad.html,root_misc,1,/europe,Exploring Europe — A Tog's Trek,,,,,,,
europeb33c.html,root_misc,1,/europe,Exploring Europe — A Tog's Trek,,,,,,,
europeb8f2.html,root_misc,1,/europe,Exploring Europe — A Tog's Trek,,,,,,,
europec45f.html,root_misc,1,/europe,Exploring Europe — A Tog's Trek,,,,,,,
europec58d.html,root_misc,1,/europe,Exploring Europe — A Tog's Trek,,,,,,,
europeca5b.html,root_misc,1,/europe,Exploring Europe — A Tog's Trek,,,,,,,
europece73.html,root_misc,1,/europe,Exploring Europe — A Tog's Trek,,,,,,,
europece88.html,root_misc,1,/europe,Exploring Europe — A Tog's Trek,,,,,,,
europed4cc.html,root_misc,1,/europe,Exploring Europe — A Tog's Trek,,,,,,,
europed8db.html,root_misc,1,/europe,Exploring Europe — A Tog's Trek,,,,,,,
europedadf.html,root_misc,1,/europe,Exploring Europe — A Tog's Trek,,,,,,,
europeddbb.html,root_misc,1,/europe,Exploring Europe — A Tog's Trek,,,,,,,
europeddbc.html,root_misc,1,/europe,Exploring Europe — A Tog's Trek,,,,,,,
europede8b.html,root_misc,1,/europe,Exploring Europe — A Tog's Trek,,,,,,,
europee2a0.html,root_misc,1,/europe,Exploring Europe — A Tog's Trek,,,,,,,
europee61a.html,root_misc,1,/europe,Exploring Europe — A Tog's Trek,,,,,,,
europef29d.html,root_misc,1,/europe,Exploring Europe — A Tog's Trek,,,,,,,
europef4d4.html,root_misc,1,/europe,Exploring Europe — A Tog's Trek,,,,,,,
europefb0f.html,root_misc,1,/europe,Exploring Europe — A Tog's Trek,,,,,,,
europefb9c.html,root_misc,1,/europe,Exploring Europe — A Tog's Trek,,,,,,,
europefc7e.html,root_misc,1,/europe,Exploring Europe — A Tog's Trek,,,,,,,
europeffe7.html,root_misc,1,/europe,Exploring Europe — A Tog's Trek,,,,,,,
finland.html,root_misc,1,/finland,Finland | Explore the Unknown — A Tog's Trek,,,,,,,
florida.html,root_misc,1,/florida,Florida | Explore Unique Adventures — A Tog's Trek,,,,,,,
france.html,root_misc,1,/france,France | Explore France Now — A Tog's Trek,,,,,,,
gavleborg.html,root_misc,1,/gavleborg,Gävleborg | Explore Swedish Beauty — A Tog's Trek,,,,,,,
germany.html,root_misc,1,/germany,Germany | Discover Germany — A Tog's Trek,,,,,,,
ghana.html,root_misc,1,/ghana,Ghana | Explore Vibrant Adventures — A Tog's Trek,,,,,,,
gotland.html,root_misc,1,/gotland,Gotland | Explore Medieval Wonders — A Tog's Trek,,,,,,,
greater-london.html,root_misc,1,/greater-london,Greater London | Explore London's Wonders — A Tog's Trek,,,,,,,
greece.html,root_misc,1,/greece,Greece | Discover Greece Now — A Tog's Trek,,,,,,,
guatamala.html,root_misc,1,/guatamala,Guatamala | Explore Ancient Wonders — A Tog's Trek,,,,,,,
halland.html,root_misc,1,/halland,Halland | Explore Global Journeys — A Tog's Trek,,,,,,,
hampshire.html,root_misc,1,/hampshire,Hampshire | Explore Historic Charm — A Tog's Trek,,,,,,,
hertfordshire.html,root_misc,1,/hertfordshire,Hertfordshire | Explore & Discover History — A Tog's Trek,,,,,,,
hiking/bohuslden/etapp-04-kasjon-to-jonsered.html,hiking,3,/hiking,Etapp 04 - Kåsjön to Jonsered — A Tog's Trek,,,,,,,
hiking/bohusleden/etapp-05-jonsered-to-angereds-kyrka.html,hiking,3,/hiking,Etapp 05 - Jonsered to Angereds Kyrka — A Tog's Trek,,,,,,,
hiking/bohusleden/etapp-07-fontin-to-grandalen.html,hiking,3,/hiking,Etapp 07 - Fontin to Grandalen — A Tog's Trek,,,,,,,
hiking/bohusleden/etapp-08-grandalen-to-bottenstugan.html,hiking,3,/hiking,Etapp 08 - Grandalen to Bottenstugan — A Tog's Trek,,,,,,,
hiking/bohusleden/etapp-09-bottenstugan-to-lysevatten.html,hiking,3,/hiking,Etapp 09 Bottenstugan to Lysevatten — A Tog's Trek,,,,,,,
hiking/bohusleden/etapp-14-bjursjon-to-metsjo.html,hiking,3,/hiking,Etapp 14 - Bjursjön to Metsjö — A Tog's Trek,,,,,,,
hiking/bohusleden/etapp-15-metsjo-to-kaserna.html,hiking,3,/hiking,Etapp 15 - Metsjö to Kaserna — A Tog's Trek,,,,,,,
hiking/bohusleden/etapp-2-stensjn-skats.html,hiking,3,/hiking,Bohusleden: Etapp 02 - From Stensjön to Skatås — A Tog's Trek,,,,,,,
hiking/bohusleden/etapp03-skatas-to-kasjon.html,hiking,3,/hiking,Etapp 03 - Skatås to Kåsjön&nbsp; — A Tog's Trek,,,,,,,
hiking/bottenstugan-i-svartedalen.html,hiking,2,/hiking,Bottenstugan i Svartedalen — A Tog's Trek,,,,,,,
hiking/category/Annapurna.html,category,3,/hiking,Annapurna — Follow the best Hiking Trails in the World — A Tog's Trek,,,,,,,
hiking/category/Bohusleden.html,category,3,/hiking,Bohusleden — Follow the best Hiking Trails in the World — A Tog's Trek,,,,,,,
hiking/category/Gotaleden.html,category,3,/hiking,Gotaleden — Follow the best Hiking Trails in the World — A Tog's Trek,,,,,,,
hiking/category/Hoga+Kusten.html,category,3,/hiking,Hoga Kusten — Follow the best Hiking Trails in the World — A Tog's Trek,,,,,,,
hiking/category/Kungsleden.html,category,3,/hiking,Kungsleden — Follow the best Hiking Trails in the World — A Tog's Trek,,,,,,,
hiking/category/Mt+Kilimanjaro.html,category,3,/hiking,Mt Kilimanjaro — Follow the best Hiking Trails in the World — A Tog's Trek,,,,,,,
hiking/category/Surtesjön.html,category,3,/hiking,Surtesjön — Follow the best Hiking Trails in the World — A Tog's Trek,,,,,,,
hiking/category/Sweden.html,category,3,/hiking,Sweden — Follow the best Hiking Trails in the World — A Tog's Trek,,,,,,,
hiking/category/Tivedens.html,category,3,/hiking,Tivedens — Follow the best Hiking Trails in the World — A Tog's Trek,,,,,,,
hiking/category/Utvandrarleden.html,category,3,/hiking,Utvandrarleden — Follow the best Hiking Trails in the World — A Tog's Trek,,,,,,,
hiking/category/Vildmarksleden.html,category,3,/hiking,Vildmarksleden — Follow the best Hiking Trails in the World — A Tog's Trek,,,,,,,
hiking/gotaleden/etapp-04-jonsered-to-lerum.html,hiking,3,/hiking,Etapp 04 - Jonsered to Lerum — A Tog's Trek,,,,,,,
hiking/hoga-kusten/route10.html,hiking,3,/hiking,Route 10 - Köpmanholmen to Entré Nord — A Tog's Trek,,,,,,,
hiking/hoga-kusten/route11.html,hiking,3,/hiking,Route 11 - Sandlågan to Köpmanholmen — A Tog's Trek,,,,,,,
hiking/hoga-kusten/route12.html,hiking,3,/hiking,Route 12 - Svedjeholmen to Sandlågan — A Tog's Trek,,,,,,,
hiking/hoga-kusten/route13.html,hiking,3,/hiking,Route 13 - Örnsköldsvik to Svedjeholmen — A Tog's Trek,,,,,,,
hiking/hoga-kusten/route7.html,hiking,3,/hiking,Route 7 - Skuleberget to Skoved — A Tog's Trek,,,,,,,
hiking/hoga-kusten/route8.html,hiking,3,/hiking,Route 8 - Entré Syd to Skuleberget — A Tog's Trek,,,,,,,
hiking/hoga-kusten/route9.html,hiking,3,/hiking,Route 9 - Skuleskogens Nationalpark — A Tog's Trek,,,,,,,
hiking/kungleden/etapp-01-abisko-to-abiskojaurestugorna.html,hiking,3,/hiking,Kungsleden: Etapp 01 - Abisko to Abiskojaurestugorna — A Tog's Trek,,,,,,,
hiking/kungsleden/etapp-02-abiskojaurestugorna-alesjaurestugorna.html,hiking,3,/hiking,Kungsleden: Etapp 02 - From Abiskojaurestugorna to Alesjaurestugorna — A Tog's Trek,,,,,,,
hiking/kungsleden/etapp-03-alesjaurestugorna-tjktastugan.html,hiking,3,/hiking,Etapp 03 - Alesjaurestugorna - Tjäktastugan — A Tog's Trek,,,,,,,
hiking/kungsleden/etapp-04-tjktastugan-slkastugorna.html,hiking,3,/hiking,Etapp 04 - Tjäktastugan - Sälkastugorna — A Tog's Trek,,,,,,,
hiking/kungsleden/etapp-05-slkastugorna-singistugorna.html,hiking,3,/hiking,Etapp 05 - Sälkastugorna - Singistugorna — A Tog's Trek,,,,,,,
hiking/kungsleden/etapp-06-singistugorna-kaitumjaurestugorna.html,hiking,3,/hiking,Etapp 06 - Singistugorna - Kaitumjaurestugorna — A Tog's Trek,,,,,,,
hiking/kungsleden/etapp-07-kaitumjaurestugorna-teusajaurestugorna.html,hiking,3,/hiking,Etapp 07 - Kaitumjaurestugorna - Teusajaurestugorna — A Tog's Trek,,,,,,,
hiking/kungsleden/etapp-08-teusajaurestugorna-vakkotavare.html,hiking,3,/hiking,Etapp 08 - Teusajaurestugorna - Vakkotavare — A Tog's Trek,,,,,,,
hiking/kungsleden/etapp-09-saltoluokta-fjllstation-sitojaurestugorna.html,hiking,3,/hiking,Etapp 09 - Saltoluokta fjällstation - Sitojaurestugorna — A Tog's Trek,,,,,,,
hiking/kungsleden/etapp-10-sitojaurestugorna-aktse.html,hiking,3,/hiking,Etapp 10 - Sitojaurestugorna - Aktse — A Tog's Trek,,,,,,,
hiking/kungsleden/etapp-11-aktse-prtestugan.html,hiking,3,/hiking,Etapp 11 - Aktse - Pårtestugan — A Tog's Trek,,,,,,,
hiking/kungsleden/etapp-12-prtestugan-kvikkjokk.html,hiking,3,/hiking,Etapp 12 - Pårtestugan - Kvikkjokk — A Tog's Trek,,,,,,,
hiking/kungsleden/etapp-13-kvikkjokk-tsielekjkkstugan.html,hiking,3,/hiking,Etapp 13 - Kvikkjokk - Tsielekjåkkstugan — A Tog's Trek,,,,,,,
hiking/kungsleden/etapp-14-tsielekjkk-to-vuonatjviken.html,hiking,3,/hiking,Etapp 14 - Tsielekjåkk to Vuonatjviken — A Tog's Trek,,,,,,,
hiking/kungsleden/etapp-15-vuonatjviken-to-jkkvik.html,hiking,3,/hiking,Etapp 15 - Vuonatjviken to Jäkkvik — A Tog's Trek,,,,,,,
hiking/kungsleden/etapp-16-jkkvik-to-adolfstrom.html,hiking,3,/hiking,Etapp 16 - Jäkkvik to Adolfstrom — A Tog's Trek,,,,,,,
hiking/kungsleden/etapp-17-adolfstrom-to-rvfallet.html,hiking,3,/hiking,Etapp 17 - Adolfstrom to Rävfallet — A Tog's Trek,,,,,,,
hiking/kungsleden/etapp-18-rvfallet-to-ammarns.html,hiking,3,/hiking,Etapp 18 - Rävfallet to Ammarnäs — A Tog's Trek,,,,,,,
hiking/kungsleden/etapp-19-ammarns-to-aigert.html,hiking,3,/hiking,Etapp 19 - Ammarnäs to Aigert — A Tog's Trek,,,,,,,
hiking/kungsleden/etapp-20-aigert-to-serve-1.html,hiking,3,/hiking,Etapp 21 - Serve to Tärnasjö — A Tog's Trek,,,,,,,
hiking/kungsleden/etapp-20-aigert-to-serve.html,hiking,3,/hiking,Etapp 20 - Aigert to Serve — A Tog's Trek,,,,,,,
hiking/kungsleden/etapp-22-trnasj-to-syter.html,hiking,3,/hiking,Etapp 22 - Tärnasjö to Syter — A Tog's Trek,,,,,,,
hiking/kungsleden/etapp-23-syter-to-viterskalet.html,hiking,3,/hiking,Etapp 23 - Syter to Viterskalet — A Tog's Trek,,,,,,,
hiking/kungsleden/etapp-24-viterskalet-to-hemavan.html,hiking,3,/hiking,Etapp 24 - Viterskalet to Hemavan — A Tog's Trek,,,,,,,
hiking/kungsleden/etapp-25-hemavan.html,hiking,3,/hiking,Etapp 25 - Hemavan — A Tog's Trek,,,,,,,
hiking/mt-kilimanjaro/01-machame-gate-machame-camp.html,hiking,3,/hiking,Kilimakjaro: Day 01 - From Machame Gate to Machame Camp — A Tog's Trek,,,,,,,
hiking/mt-kilimanjaro/02-machame-camp-shira-camp.html,hiking,3,/hiking,Kilimanjaro: Day 02 - From Machame Camp to Shira Camp — A Tog's Trek,,,,,,,
hiking/mt-kilimanjaro/03-shira-camp-barranco-camp.html,hiking,3,/hiking,Kilimanjaro: Day 03 - From Shira Camp to Barranco Camp — A Tog's Trek,,,,,,,
hiking/mt-kilimanjaro/04-barranco-camp-barafu-camp.html,hiking,3,/hiking,Kilimanjaro: Day 04 - From Barranco Camp to Barafu Camp — A Tog's Trek,,,,,,,
hiking/mt-kilimanjaro/05-barafu-camp-mweka-camp.html,hiking,3,/hiking,Kilimanjaro: Day 05 - From Barafu Camp to Mweka Camp — A Tog's Trek,,,,,,,
hiking/mt-kilimanjaro/06-mweka-camp-mweka-gate.html,hiking,3,/hiking,Kilimanjaro: Day 06 - From Mweka Camp to Mweka Gate — A Tog's Trek,,,,,,,
hiking/nepal/annapurna/annapurna-day-2.html,hiking,4,/hiking,Annapurna Trail: Day 2 — A Tog's Trek,,,,,,,
hiking/nepal/annapurna/annapurna-trail-day-1.html,hiking,4,/hiking,Annapurna Trail: Day 1 — A Tog's Trek,,,,,,,
hiking/nepal/annapurna/annapurna-trail-day-3.html,hiking,4,/hiking,Annapurna Trail: Day 3 — A Tog's Trek,,,,,,,
hiking/nepal/annapurna/annapurna-trail-day-4.html,hiking,4,/hiking,Annapurna Trail: Day 4 — A Tog's Trek,,,,,,,
hiking/stora-kroksjon-i-vattlefjalls-naturreservat.html,hiking,2,/hiking,Stora Kroksjön i Vättlefjälls Naturreservat — A Tog's Trek,,,,,,,
hiking/surtesjon.html,hiking,2,/hiking,Surtesjön — A Tog's Trek,,,,,,,
hiking/sweden/utvandraleden.html,hiking,3,/hiking,Utvandrarleden — A Tog's Trek,,,,,,,
hiking/tag/5985m.html,tag,3,/hiking,5985m — Follow the best Hiking Trails in the World — A Tog's Trek,,,,,,,
hiking/tag/Abiskojaurestugorna.html,tag,3,/hiking,Abiskojaurestugorna — Follow the best Hiking Trails in the World — A Tog's Trek,,,,,,,
hiking/tag/Adolfstrom.html,tag,3,/hiking,Adolfstrom — Follow the best Hiking Trails in the World — A Tog's Trek,,,,,,,
hiking/tag/Adolfström.html,tag,3,/hiking,Adolfström — Follow the best Hiking Trails in the World — A Tog's Trek,,,,,,,
hiking/tag/Aigert.html,tag,3,/hiking,Aigert — Follow the best Hiking Trails in the World — A Tog's Trek,,,,,,,
hiking/tag/Aktse.html,tag,3,/hiking,Aktse — Follow the best Hiking Trails in the World — A Tog's Trek,,,,,,,
hiking/tag/Alesjaurestugorna.html,tag,3,/hiking,Alesjaurestugorna — Follow the best Hiking Trails in the World — A Tog's Trek,,,,,,,
hiking/tag/Ammarnäs.html,tag,3,/hiking,Ammarnäs — Follow the best Hiking Trails in the World — A Tog's Trek,,,,,,,
hiking/tag/Annapurna+Trail.html,tag,3,/hiking,Annapurna Trail — Follow the best Hiking Trails in the World — A Tog's Trek,,,,,,,
hiking/tag/Aspen+Lake.html,tag,3,/hiking,Aspen Lake — Follow the best Hiking Trails in the World — A Tog's Trek,,,,,,,
hiking/tag/Åstebo.html,tag,3,/hiking,Åstebo — Follow the best Hiking Trails in the World — A Tog's Trek,,,,,,,
hiking/tag/Barafu+Camp.html,tag,3,/hiking,Barafu Camp — Follow the best Hiking Trails in the World — A Tog's Trek,,,,,,,
hiking/tag/Barranco+Camp.html,tag,3,/hiking,Barranco Camp — Follow the best Hiking Trails in the World — A Tog's Trek,,,,,,,
hiking/tag/Barranco+Wall.html,tag,3,/hiking,Barranco Wall — Follow the best Hiking Trails in the World — A Tog's Trek,,,,,,,
hiking/tag/Bohusleden.html,tag,3,/hiking,Bohusleden — Follow the best Hiking Trails in the World — A Tog's Trek,,,,,,,
hiking/tag/Bottenstugan+i+Svartedalen.html,tag,3,/hiking,Bottenstugan i Svartedalen — Follow the best Hiking Trails in the World — A Tog's Trek,,,,,,,
hiking/tag/Bottenstugan.html,tag,3,/hiking,Bottenstugan — Follow the best Hiking Trails in the World — A Tog's Trek,,,,,,,
hiking/tag/Bus.html,tag,3,/hiking,Bus — Follow the best Hiking Trails in the World — A Tog's Trek,,,,,,,
hiking/tag/Entré+Nord.html,tag,3,/hiking,Entré Nord — Follow the best Hiking Trails in the World — A Tog's Trek,,,,,,,
hiking/tag/Entré+Syd.html,tag,3,/hiking,Entré Syd — Follow the best Hiking Trails in the World — A Tog's Trek,,,,,,,
hiking/tag/Getryggen.html,tag,3,/hiking,Getryggen — Follow the best Hiking Trails in the World — A Tog's Trek,,,,,,,
hiking/tag/Gothenburg.html,tag,3,/hiking,Gothenburg — Follow the best Hiking Trails in the World — A Tog's Trek,,,,,,,
hiking/tag/Hemavan.html,tag,3,/hiking,Hemavan — Follow the best Hiking Trails in the World — A Tog's Trek,,,,,,,
hiking/tag/Hiking.html,tag,3,/hiking,Hiking — Follow the best Hiking Trails in the World — A Tog's Trek,,,,,,,
hiking/tag/Hoga+Kusten.html,tag,3,/hiking,Hoga Kusten — Follow the best Hiking Trails in the World — A Tog's Trek,,,,,,,
hiking/tag/Jäkkvik.html,tag,3,/hiking,Jäkkvik — Follow the best Hiking Trails in the World — A Tog's Trek,,,,,,,
hiking/tag/Jonsered.html,tag,3,/hiking,Jonsered — Follow the best Hiking Trails in the World — A Tog's Trek,,,,,,,
hiking/tag/Kaitumjaurestugorna.html,tag,3,/hiking,Kaitumjaurestugorna — Follow the best Hiking Trails in the World — A Tog's Trek,,,,,,,
hiking/tag/Kapellströmmarna.html,tag,3,/hiking,Kapellströmmarna — Follow the best Hiking Trails in the World — A Tog's Trek,,,,,,,
hiking/tag/Kåsjön.html,tag,3,/hiking,Kåsjön — Follow the best Hiking Trails in the World — A Tog's Trek,,,,,,,
hiking/tag/Kilimanjaro.html,tag,3,/hiking,Kilimanjaro — Follow the best Hiking Trails in the World — A Tog's Trek,,,,,,,
hiking/tag/King's+Trail.html,tag,3,/hiking,King's Trail — Follow the best Hiking Trails in the World — A Tog's Trek,,,,,,,
hiking/tag/Knipeflågsbergen+Nature+Reserve.html,tag,3,/hiking,Knipeflågsbergen Nature Reserve — Follow the best Hiking Trails in the World — A Tog's Trek,,,,,,,
hiking/tag/Köpmansholmen.html,tag,3,/hiking,Köpmansholmen — Follow the best Hiking Trails in the World — A Tog's Trek,,,,,,,
hiking/tag/Kungsleden.html,tag,3,/hiking,Kungsleden — Follow the best Hiking Trails in the World — A Tog's Trek,,,,,,,
hiking/tag/Kvikkjokk.html,tag,3,/hiking,Kvikkjokk — Follow the best Hiking Trails in the World — A Tog's Trek,,,,,,,
hiking/tag/Lake.html,tag,3,/hiking,Lake — Follow the best Hiking Trails in the World — A Tog's Trek,,,,,,,
hiking/tag/Lerum.html,tag,3,/hiking,Lerum — Follow the best Hiking Trails in the World — A Tog's Trek,,,,,,,
hiking/tag/Machame+Camp.html,tag,3,/hiking,Machame Camp — Follow the best Hiking Trails in the World — A Tog's Trek,,,,,,,
hiking/tag/Machame+Route.html,tag,3,/hiking,Machame Route — Follow the best Hiking Trails in the World — A Tog's Trek,,,,,,,
hiking/tag/Mweke+Camp.html,tag,3,/hiking,Mweke Camp — Follow the best Hiking Trails in the World — A Tog's Trek,,,,,,,
hiking/tag/Mweke+Gate.html,tag,3,/hiking,Mweke Gate — Follow the best Hiking Trails in the World — A Tog's Trek,,,,,,,
hiking/tag/Nationalpark+Skuleskogens.html,tag,3,/hiking,Nationalpark Skuleskogens — Follow the best Hiking Trails in the World — A Tog's Trek,,,,,,,
hiking/tag/Nepal.html,tag,3,/hiking,Nepal — Follow the best Hiking Trails in the World — A Tog's Trek,,,,,,,
hiking/tag/Norra+Sytertoppen.html,tag,3,/hiking,Norra Sytertoppen — Follow the best Hiking Trails in the World — A Tog's Trek,,,,,,,
hiking/tag/Ornskoldsvik.html,tag,3,/hiking,Ornskoldsvik — Follow the best Hiking Trails in the World — A Tog's Trek,,,,,,,
hiking/tag/Örnsköldsvik.html,tag,3,/hiking,Örnsköldsvik — Follow the best Hiking Trails in the World — A Tog's Trek,,,,,,,
hiking/tag/Partestugan.html,tag,3,/hiking,Partestugan — Follow the best Hiking Trails in the World — A Tog's Trek,,,,,,,
hiking/tag/Pårtestugan.html,tag,3,/hiking,Pårtestugan — Follow the best Hiking Trails in the World — A Tog's Trek,,,,,,,
hiking/tag/Rävfallet.html,tag,3,/hiking,Rävfallet — Follow the best Hiking Trails in the World — A Tog's Trek,,,,,,,
hiking/tag/Saltoluokta.html,tag,3,/hiking,Saltoluokta — Follow the best Hiking Trails in the World — A Tog's Trek,,,,,,,
hiking/tag/Sandlågan.html,tag,3,/hiking,Sandlågan — Follow the best Hiking Trails in the World — A Tog's Trek,,,,,,,
hiking/tag/Sälkastugorna.html,tag,3,/hiking,Sälkastugorna — Follow the best Hiking Trails in the World — A Tog's Trek,,,,,,,
hiking/tag/Serve.html,tag,3,/hiking,Serve — Follow the best Hiking Trails in the World — A Tog's Trek,,,,,,,
hiking/tag/Shira+Camp.html,tag,3,/hiking,Shira Camp — Follow the best Hiking Trails in the World — A Tog's Trek,,,,,,,
hiking/tag/Singistugorna.html,tag,3,/hiking,Singistugorna — Follow the best Hiking Trails in the World — A Tog's Trek,,,,,,,
hiking/tag/Sitojaurestugorna.html,tag,3,/hiking,Sitojaurestugorna — Follow the best Hiking Trails in the World — A Tog's Trek,,,,,,,
hiking/tag/Skatås.html,tag,3,/hiking,Skatås — Follow the best Hiking Trails in the World — A Tog's Trek,,,,,,,
hiking/tag/Skoved.html,tag,3,/hiking,Skoved — Follow the best Hiking Trails in the World — A Tog's Trek,,,,,,,
hiking/tag/Skuleberget.html,tag,3,/hiking,Skuleberget — Follow the best Hiking Trails in the World — A Tog's Trek,,,,,,,
hiking/tag/Stella+Point.html,tag,3,/hiking,Stella Point — Follow the best Hiking Trails in the World — A Tog's Trek,,,,,,,
hiking/tag/Stora+Kroksjön+i+Vättlefjälls+Naturreservat.html,tag,3,/hiking,Stora Kroksjön i Vättlefjälls Naturreservat — Follow the best Hiking Trails in the World — A Tog's Trek,,,,,,,
hiking/tag/Stora+Kroksjön.html,tag,3,/hiking,Stora Kroksjön — Follow the best Hiking Trails in the World — A Tog's Trek,,,,,,,
hiking/tag/Summit.html,tag,3,/hiking,Summit — Follow the best Hiking Trails in the World — A Tog's Trek,,,,,,,
hiking/tag/Svartedalen.html,tag,3,/hiking,Svartedalen — Follow the best Hiking Trails in the World — A Tog's Trek,,,,,,,
hiking/tag/Sweden.html,tag,3,/hiking,Sweden — Follow the best Hiking Trails in the World — A Tog's Trek,,,,,,,
hiking/tag/Syter.html,tag,3,/hiking,Syter — Follow the best Hiking Trails in the World — A Tog's Trek,,,,,,,
hiking/tag/TT+Nepal.html,tag,3,/hiking,TT Nepal — Follow the best Hiking Trails in the World — A Tog's Trek,,,,,,,
hiking/tag/TT+Roof+of+Africa.html,tag,3,/hiking,TT Roof of Africa — Follow the best Hiking Trails in the World — A Tog's Trek,,,,,,,
hiking/tag/Tanzania.html,tag,3,/hiking,Tanzania — Follow the best Hiking Trails in the World — A Tog's Trek,,,,,,,
hiking/tag/Tärnasjö.html,tag,3,/hiking,Tärnasjö — Follow the best Hiking Trails in the World — A Tog's Trek,,,,,,,
hiking/tag/Teusajaurestugorna.html,tag,3,/hiking,Teusajaurestugorna — Follow the best Hiking Trails in the World — A Tog's Trek,,,,,,,
hiking/tag/Tivedens+nationalpark.html,tag,3,/hiking,Tivedens nationalpark — Follow the best Hiking Trails in the World — A Tog's Trek,,,,,,,
hiking/tag/Tjäktastugan.html,tag,3,/hiking,Tjäktastugan — Follow the best Hiking Trails in the World — A Tog's Trek,,,,,,,
hiking/tag/Tsielekjakkstugan.html,tag,3,/hiking,Tsielekjakkstugan — Follow the best Hiking Trails in the World — A Tog's Trek,,,,,,,
hiking/tag/Tsielekjåkk.html,tag,3,/hiking,Tsielekjåkk — Follow the best Hiking Trails in the World — A Tog's Trek,,,,,,,
hiking/tag/Uhuru+Peak.html,tag,3,/hiking,Uhuru Peak — Follow the best Hiking Trails in the World — A Tog's Trek,,,,,,,
hiking/tag/Ullånger.html,tag,3,/hiking,Ullånger — Follow the best Hiking Trails in the World — A Tog's Trek,,,,,,,
hiking/tag/Vakkotavare.html,tag,3,/hiking,Vakkotavare — Follow the best Hiking Trails in the World — A Tog's Trek,,,,,,,
hiking/tag/Vättlefjälls+Naturreservat.html,tag,3,/hiking,Vättlefjälls Naturreservat — Follow the best Hiking Trails in the World — A Tog's Trek,,,,,,,
hiking/tag/Viterskalet.html,tag,3,/hiking,Viterskalet — Follow the best Hiking Trails in the World — A Tog's Trek,,,,,,,
hiking/tag/Vuonatjviken.html,tag,3,/hiking,Vuonatjviken — Follow the best Hiking Trails in the World — A Tog's Trek,,,,,,,
hiking/tag/Vuonatviken.html,tag,3,/hiking,Vuonatviken — Follow the best Hiking Trails in the World — A Tog's Trek,,,,,,,
hiking/tag/hiking-2.html,tag,3,/hiking,hiking — Follow the best Hiking Trails in the World — A Tog's Trek,,,,,,,
hiking/tag/svedjeholmen.html,tag,3,/hiking,svedjeholmen — Follow the best Hiking Trails in the World — A Tog's Trek,,,,,,,
hiking/tag/tanzania-2.html,tag,3,/hiking,tanzania — Follow the best Hiking Trails in the World — A Tog's Trek,,,,,,,
hiking/tiveden/trail-01-trollkyrkerundan.html,hiking,3,/hiking,Trail 01 - Trollkyrkerundan — A Tog's Trek,,,,,,,
hiking/tiveden/trail-04-trehrningsrundan.html,hiking,3,/hiking,Trail 04 - Trehörningsrundan — A Tog's Trek,,,,,,,
hiking/tiveden/trail-05-oxgabergsrundan.html,hiking,3,/hiking,Trail 05 - Oxögabergsrundan — A Tog's Trek,,,,,,,
hiking/tiveden/trail-07-junker-jgarerundan.html,hiking,3,/hiking,Trail 07 - Junker Jägarerundan — A Tog's Trek,,,,,,,
hiking/tiveden/trail-09-stigmansrundan.html,hiking,3,/hiking,Trail 09 - Stigmansrundan — A Tog's Trek,,,,,,,
hiking/tiveden/trail-3-trnekullerundan.html,hiking,3,/hiking,Trail 03 - Tärnekullerundan — A Tog's Trek,,,,,,,
hiking/ugivhaimyiotfovq5xqdvo3149l1vk-5re9y.html,hiking,2,/hiking,Route 6 - Skoved - Ullånger — A Tog's Trek,,,,,,,
hiking/vildmarksleden.html,hiking,2,/hiking,Vildmarksleden — A Tog's Trek,,,,,,,
hiking.html,root_misc,1,/hiking,Follow the best Hiking Trails in the World — A Tog's Trek,,,,,,,
hiking0d14.html,root_misc,1,/hiking,Follow the best Hiking Trails in the World — A Tog's Trek,,,,,,,
hiking1b2d.html,root_misc,1,/hiking,Follow the best Hiking Trails in the World — A Tog's Trek,,,,,,,
hiking248b.html,root_misc,1,/hiking,Follow the best Hiking Trails in the World — A Tog's Trek,,,,,,,
hiking4161.html,root_misc,1,/hiking,Follow the best Hiking Trails in the World — A Tog's Trek,,,,,,,
hiking5472.html,root_misc,1,/hiking,Follow the best Hiking Trails in the World — A Tog's Trek,,,,,,,
hiking6a02.html,root_misc,1,/hiking,Follow the best Hiking Trails in the World — A Tog's Trek,,,,,,,
hiking701b.html,root_misc,1,/hiking,Follow the best Hiking Trails in the World — A Tog's Trek,,,,,,,
hiking7389.html,root_misc,1,/hiking,Follow the best Hiking Trails in the World — A Tog's Trek,,,,,,,
hiking75a7.html,root_misc,1,/hiking,Follow the best Hiking Trails in the World — A Tog's Trek,,,,,,,
hiking8191.html,root_misc,1,/hiking,Follow the best Hiking Trails in the World — A Tog's Trek,,,,,,,
hikinga564.html,root_misc,1,/hiking,Follow the best Hiking Trails in the World — A Tog's Trek,,,,,,,
hikinga9ce.html,root_misc,1,/hiking,Follow the best Hiking Trails in the World — A Tog's Trek,,,,,,,
hikingafcb.html,root_misc,1,/hiking,Follow the best Hiking Trails in the World — A Tog's Trek,,,,,,,
hikingbcdf.html,root_misc,1,/hiking,Follow the best Hiking Trails in the World — A Tog's Trek,,,,,,,
hikingdfc8.html,root_misc,1,/hiking,Follow the best Hiking Trails in the World — A Tog's Trek,,,,,,,
hikingf7bb.html,root_misc,1,/hiking,Follow the best Hiking Trails in the World — A Tog's Trek,,,,,,,
hikingfb9c.html,root_misc,1,/hiking,Follow the best Hiking Trails in the World — A Tog's Trek,,,,,,,
hikingff83.html,root_misc,1,/hiking,Follow the best Hiking Trails in the World — A Tog's Trek,,,,,,,
hoga-kusten.html,root_misc,1,/hoga-kusten,Höga Kusten | Explore Nature's Beauty — A Tog's Trek,,,,,,,
hungary.html,root_misc,1,/hungary,Hungary | Discover Hungary Now — A Tog's Trek,,,,,,,
iceland.html,root_misc,1,/iceland,Iceland | Explore Iceland's Wonders — A Tog's Trek,,,,,,,
index.html,root_misc,1,,A Tog's Trek,,,,,,,
ireland.html,root_misc,1,/ireland,Explore Ireland — A Tog's Trek,,,,,,,
isle-of-wight.html,root_misc,1,/isle-of-wight,Isle of Wight | Explore Breathtaking Scenery — A Tog's Trek,,,,,,,
israel.html,root_misc,1,/israel,Israel | Discover Israel Now — A Tog's Trek,,,,,,,
italy.html,root_misc,1,/italy,Italy | Discover Italy's Treasures — A Tog's Trek,,,,,,,
jamtland.html,root_misc,1,/jamtland,Jämtland | Explore Swedish Wilderness — A Tog's Trek,,,,,,,
jonkoping.html,root_misc,1,/jonkoping,Jönköping | Explore Jönköping Now — A Tog's Trek,,,,,,,
jordan.html,root_misc,1,/jordan,Jordan | Explore Jordan's Wonders — A Tog's Trek,,,,,,,
kalmar.html,root_misc,1,/kalmar,Kalmar | Explore Swedish Heritage — A Tog's Trek,,,,,,,
kenya.html,root_misc,1,/kenya,"Kenya | Explore, Discover, Purchase — A Tog's Trek",,,,,,,
kilimanjaro.html,root_misc,1,/kilimanjaro,Climbing Kilimanjaro — A Tog's Trek,,,,,,,
kronoberg.html,root_misc,1,/kronoberg,Kronoberg | Explore Kronoberg Today — A Tog's Trek,,,,,,,
kungsleden.html,root_misc,1,/kungsleden,Kungsleden | Explore Sweden's Wilderness — A Tog's Trek,,,,,,,
ladonia.html,root_misc,1,/ladonia,Ladonia | Explore Micronation Wonders — A Tog's Trek,,,,,,,
latvia.html,root_misc,1,/latvia,Latvia | Explore Latvia Now — A Tog's Trek,,,,,,,
liechtenstein.html,root_misc,1,/liechtenstein,Liechtenstein | Explore Hidden Gems — A Tog's Trek,,,,,,,
lithuania.html,root_misc,1,/lithuania,Lithuania | Explore Stunning Sights — A Tog's Trek,,,,,,,
mainland-norway.html,root_misc,1,/mainland-norway,Mainland Norway | Explore Norway Now! — A Tog's Trek,,,,,,,
malaysia.html,root_misc,1,/malaysia,Malaysia | Explore Malaysia Now — A Tog's Trek,,,,,,,
malta.html,root_misc,1,/malta,Malta | Explore & Discover — A Tog's Trek,,,,,,,
massachusetts.html,root_misc,1,/massachusetts,Massachusetts | Explore & Discover Now — A Tog's Trek,,,,,,,
mexico.html,root_misc,1,/mexico,Mexico — A Tog's Trek,,,,,,,
monaco.html,root_misc,1,/monaco,Monaco | Explore Monaco Now — A Tog's Trek,,,,,,,
morocco.html,root_misc,1,/morocco,Morocco | Explore Unique Journeys — A Tog's Trek,,,,,,,
nepal.html,root_misc,1,/nepal,"Nepal | Explore, Discover, Trek — A Tog's Trek",,,,,,,
netherlands.html,root_misc,1,/netherlands,Netherlands | Explore Netherlands Adventures — A Tog's Trek,,,,,,,
new-jersey.html,root_misc,1,/new-jersey,New Jersey | Explore NJ Adventures — A Tog's Trek,,,,,,,
nigeria.html,root_misc,1,/nigeria,Nigeria | Explore Nigerian Journeys — A Tog's Trek,,,,,,,
norfolk.html,root_misc,1,/norfolk,Norfolk | Explore Norfolk Today — A Tog's Trek,,,,,,,
norrbotten.html,root_misc,1,/norrbotten,Norrbotten | Explore Norrland Now — A Tog's Trek,,,,,,,
north-america/belize/_https_/www.youtube.com/embed/TLXGDBBwTX8250f.html,noise_https,6,,A Tog's Trek,north-america,,,,,,
north-america/belize/_https_/www.youtube.com/embed/vdp4RIzCG5U250f.html,noise_https,6,,A Tog's Trek,north-america,,,,,,
north-america/belize/caya-culker.html,continent_place_candidate,3,/north-america,Caya Culker — A Tog's Trek,north-america,belize,caya-culker,,,,
north-america/belize/san-ignacio.html,continent_place_candidate,3,/north-america,San Ignacio — A Tog's Trek,north-america,belize,san-ignacio,,,,
north-america/category/Belize.html,category,3,/north-america,Belize — Explore the North American Continent — A Tog's Trek,north-america,,,,,,
north-america/category/Costa+Rica.html,category,3,/north-america,Costa Rica — Explore the North American Continent — A Tog's Trek,north-america,,,,,,
north-america/category/Dominican+Republic.html,category,3,/north-america,Dominican Republic — Explore the North American Continent — A Tog's Trek,north-america,,,,,,
north-america/category/Guatemala.html,category,3,/north-america,Guatemala — Explore the North American Continent — A Tog's Trek,north-america,,,,,,
north-america/category/Mexico.html,category,3,/north-america,Mexico — Explore the North American Continent — A Tog's Trek,north-america,,,,,,
north-america/category/United+States+of+America.html,category,3,/north-america,United States of America — Explore the North American Continent — A Tog's Trek,north-america,,,,,,
north-america/costa-rica/la-fortuna.html,continent_place_candidate,3,/north-america,Adventures in La Fortuna — A Tog's Trek,north-america,costa-rica,la-fortuna,,,,
north-america/costa-rica/monteverde.html,continent_place_candidate,3,/north-america,Monteverde | Cloud Forests and Adventures — A Tog's Trek,north-america,costa-rica,monteverde,,,,
north-america/costa-rica/pacuare.html,continent_place_candidate,3,/north-america,Pacuare & Whitewater Rafting — A Tog's Trek,north-america,costa-rica,pacuare,,,,
north-america/costa-rica/puerto-viejo-de-talamanca.html,continent_place_candidate,3,/north-america,Puerto Viejo de Talamanca — A Tog's Trek,north-america,costa-rica,puerto-viejo-de-talamanca,,,,
north-america/costa-rica/san-jose.html,continent_place_candidate,3,/north-america,San José — A Tog's Trek,north-america,costa-rica,san-jose,,,,
north-america/costa-rica/terrain-of-costa-rica.html,continent_place_candidate,3,/north-america,Terrain of Costa Rica — A Tog's Trek,north-america,costa-rica,terrain-of-costa-rica,,,,
north-america/dominican-republic/_https_/www.youtube.com/embed/Exb5qk0CVXU250f.html,noise_https,6,,A Tog's Trek,north-america,,,,,,
north-america/dominican-republic/_https_/www.youtube.com/embed/alHATrZFIkM250f.html,noise_https,6,,A Tog's Trek,north-america,,,,,,
north-america/dominican-republic/_https_/www.youtube.com/embed/gJ9P4Yz4Ft0250f.html,noise_https,6,,A Tog's Trek,north-america,,,,,,
north-america/dominican-republic/_https_/www.youtube.com/embed/t8h-RIh4IJg250f.html,noise_https,6,,A Tog's Trek,north-america,,,,,,
north-america/dominican-republic/punta-cana.html,continent_place_candidate,3,/north-america,Punta Cana — A Tog's Trek,north-america,dominican-republic,punta-cana,,,,
north-america/dominican-republic/santa-domingo.html,continent_place_candidate,3,/north-america,Santa Domingo — A Tog's Trek,north-america,dominican-republic,santa-domingo,,,,
north-america/guatemala/flores.html,continent_place_candidate,3,/north-america,Flores — A Tog's Trek,north-america,guatemala,flores,,,,
north-america/guatemala/tikal.html,continent_place_candidate,3,/north-america,Tikal — A Tog's Trek,north-america,guatemala,tikal,,,,
north-america/mexico/bonampak.html,continent_place_candidate,3,/north-america,Bonampak Ruins & Temple of the Murals — A Tog's Trek,north-america,mexico,bonampak,,,,
north-america/mexico/chichen-itza.html,continent_place_candidate,3,/north-america,Visit the Ruins of Chichen Itza — A Tog's Trek,north-america,mexico,chichen-itza,,,,
north-america/mexico/merida.html,continent_place_candidate,3,/north-america,Merida — A Tog's Trek,north-america,mexico,merida,,,,
north-america/mexico/palenque.html,continent_place_candidate,3,/north-america,Explore Palenque and it's Ruins — A Tog's Trek,north-america,mexico,palenque,,,,
north-america/mexico/playa-del-carmen.html,continent_place_candidate,3,/north-america,Playa Del Carmen — A Tog's Trek,north-america,mexico,playa-del-carmen,,,,
north-america/mexico/tulum.html,continent_place_candidate,3,/north-america,Tulum — A Tog's Trek,north-america,mexico,tulum,,,,
north-america/mexico/uxmal.html,continent_place_candidate,3,/north-america,Uxmal — A Tog's Trek,north-america,mexico,uxmal,,,,
north-america/mexico/yaxchilan.html,continent_place_candidate,3,/north-america,Mayan Ruins of Yaxchilan — A Tog's Trek,north-america,mexico,yaxchilan,,,,
north-america/orlando.html,continent_place_candidate,2,/north-america,Orlando — A Tog's Trek,north-america,,orlando,,,,
north-america/tag/100%+Adventure.html,tag,3,,,north-america,,,,,,
north-america/tag/Beach.html,tag,3,/north-america,Beach — Explore the North American Continent — A Tog's Trek,north-america,,,,,,
north-america/tag/Big+Sur.html,tag,3,/north-america,Big Sur — Explore the North American Continent — A Tog's Trek,north-america,,,,,,
north-america/tag/Bonampak.html,tag,3,/north-america,Bonampak — Explore the North American Continent — A Tog's Trek,north-america,,,,,,
north-america/tag/Bubba+Gump+Shrimp.html,tag,3,/north-america,Bubba Gump Shrimp — Explore the North American Continent — A Tog's Trek,north-america,,,,,,
north-america/tag/California.html,tag,3,/north-america,California — Explore the North American Continent — A Tog's Trek,north-america,,,,,,
north-america/tag/Carmel-by-sea.html,tag,3,/north-america,Carmel-by-sea — Explore the North American Continent — A Tog's Trek,north-america,,,,,,
north-america/tag/Castillo.html,tag,3,/north-america,Castillo — Explore the North American Continent — A Tog's Trek,north-america,,,,,,
north-america/tag/Cat.html,tag,3,/north-america,Cat — Explore the North American Continent — A Tog's Trek,north-america,,,,,,
north-america/tag/Caya+Caulker.html,tag,3,/north-america,Caya Caulker — Explore the North American Continent — A Tog's Trek,north-america,,,,,,
north-america/tag/Cenote+Kankirixche.html,tag,3,/north-america,Cenote Kankirixche — Explore the North American Continent — A Tog's Trek,north-america,,,,,,
north-america/tag/Cenote+Yaal+Utzil.html,tag,3,/north-america,Cenote Yaal Utzil — Explore the North American Continent — A Tog's Trek,north-america,,,,,,
north-america/tag/Chichen+Itza.html,tag,3,/north-america,Chichen Itza — Explore the North American Continent — A Tog's Trek,north-america,,,,,,
north-america/tag/Cliff+Jumping.html,tag,3,/north-america,Cliff Jumping — Explore the North American Continent — A Tog's Trek,north-america,,,,,,
north-america/tag/Cloud+Forest.html,tag,3,/north-america,Cloud Forest — Explore the North American Continent — A Tog's Trek,north-america,,,,,,
north-america/tag/Costa+Rica.html,tag,3,/north-america,Costa Rica — Explore the North American Continent — A Tog's Trek,north-america,,,,,,
north-america/tag/Dallas.html,tag,3,/north-america,Dallas — Explore the North American Continent — A Tog's Trek,north-america,,,,,,
north-america/tag/El+Capitan.html,tag,3,/north-america,El Capitan — Explore the North American Continent — A Tog's Trek,north-america,,,,,,
north-america/tag/El+Caracol.html,tag,3,/north-america,El Caracol — Explore the North American Continent — A Tog's Trek,north-america,,,,,,
north-america/tag/El+Castillo.html,tag,3,/north-america,El Castillo — Explore the North American Continent — A Tog's Trek,north-america,,,,,,
north-america/tag/Flores.html,tag,3,/north-america,Flores — Explore the North American Continent — A Tog's Trek,north-america,,,,,,
north-america/tag/Florida.html,tag,3,/north-america,Florida — Explore the North American Continent — A Tog's Trek,north-america,,,,,,
north-america/tag/Gold+Museum.html,tag,3,/north-america,Gold Museum — Explore the North American Continent — A Tog's Trek,north-america,,,,,,
north-america/tag/Golden+Gate+Bridge.html,tag,3,/north-america,Golden Gate Bridge — Explore the North American Continent — A Tog's Trek,north-america,,,,,,
north-america/tag/Grand+Pyramid.html,tag,3,/north-america,Grand Pyramid — Explore the North American Continent — A Tog's Trek,north-america,,,,,,
north-america/tag/Grange+Bistro.html,tag,3,/north-america,Grange Bistro — Explore the North American Continent — A Tog's Trek,north-america,,,,,,
north-america/tag/Hearst+Castle.html,tag,3,/north-america,Hearst Castle — Explore the North American Continent — A Tog's Trek,north-america,,,,,,
north-america/tag/Horse+Riding.html,tag,3,/north-america,Horse Riding — Explore the North American Continent — A Tog's Trek,north-america,,,,,,
north-america/tag/Jade+Museum.html,tag,3,/north-america,Jade Museum — Explore the North American Continent — A Tog's Trek,north-america,,,,,,
north-america/tag/La+Fortuna.html,tag,3,/north-america,La Fortuna — Explore the North American Continent — A Tog's Trek,north-america,,,,,,
north-america/tag/Labyrinth.html,tag,3,/north-america,Labyrinth — Explore the North American Continent — A Tog's Trek,north-america,,,,,,
north-america/tag/Los+Angeles.html,tag,3,/north-america,Los Angeles — Explore the North American Continent — A Tog's Trek,north-america,,,,,,
north-america/tag/Malibu.html,tag,3,/north-america,Malibu — Explore the North American Continent — A Tog's Trek,north-america,,,,,,
north-america/tag/Massachusetts.html,tag,3,/north-america,Massachusetts — Explore the North American Continent — A Tog's Trek,north-america,,,,,,
north-america/tag/Maya.html,tag,3,/north-america,Maya — Explore the North American Continent — A Tog's Trek,north-america,,,,,,
north-america/tag/Mayan.html,tag,3,/north-america,Mayan — Explore the North American Continent — A Tog's Trek,north-america,,,,,,
north-america/tag/Merida.html,tag,3,/north-america,Merida — Explore the North American Continent — A Tog's Trek,north-america,,,,,,
north-america/tag/Monteverde.html,tag,3,/north-america,Monteverde — Explore the North American Continent — A Tog's Trek,north-america,,,,,,
north-america/tag/Mountain+Biking.html,tag,3,/north-america,Mountain Biking — Explore the North American Continent — A Tog's Trek,north-america,,,,,,
north-america/tag/NY.html,tag,3,/north-america,NY — Explore the North American Continent — A Tog's Trek,north-america,,,,,,
north-america/tag/Napa+Valley.html,tag,3,/north-america,Napa Valley — Explore the North American Continent — A Tog's Trek,north-america,,,,,,
north-america/tag/New+Jersey.html,tag,3,/north-america,New Jersey — Explore the North American Continent — A Tog's Trek,north-america,,,,,,
north-america/tag/New+York.html,tag,3,/north-america,New York — Explore the North American Continent — A Tog's Trek,north-america,,,,,,
north-america/tag/Nightwalks.html,tag,3,/north-america,Nightwalks — Explore the North American Continent — A Tog's Trek,north-america,,,,,,
north-america/tag/Palenque+Ruins.html,tag,3,/north-america,Palenque Ruins — Explore the North American Continent — A Tog's Trek,north-america,,,,,,
north-america/tag/Playa+Del+Carmen.html,tag,3,/north-america,Playa Del Carmen — Explore the North American Continent — A Tog's Trek,north-america,,,,,,
north-america/tag/Punta+Cana.html,tag,3,/north-america,Punta Cana — Explore the North American Continent — A Tog's Trek,north-america,,,,,,
north-america/tag/Pyramid+of+the+Magician.html,tag,3,/north-america,Pyramid of the Magician — Explore the North American Continent — A Tog's Trek,north-america,,,,,,
north-america/tag/Ruins.html,tag,3,/north-america,Ruins — Explore the North American Continent — A Tog's Trek,north-america,,,,,,
north-america/tag/Sacramento.html,tag,3,/north-america,Sacramento — Explore the North American Continent — A Tog's Trek,north-america,,,,,,
north-america/tag/San+Diego+Zoo.html,tag,3,/north-america,San Diego Zoo — Explore the North American Continent — A Tog's Trek,north-america,,,,,,
north-america/tag/San+Diego.html,tag,3,/north-america,San Diego — Explore the North American Continent — A Tog's Trek,north-america,,,,,,
north-america/tag/San+Francisco.html,tag,3,/north-america,San Francisco — Explore the North American Continent — A Tog's Trek,north-america,,,,,,
north-america/tag/San+Ignacio.html,tag,3,/north-america,San Ignacio — Explore the North American Continent — A Tog's Trek,north-america,,,,,,
north-america/tag/San+Jose.html,tag,3,/north-america,San Jose — Explore the North American Continent — A Tog's Trek,north-america,,,,,,
north-america/tag/San+Luis+Obispo.html,tag,3,/north-america,San Luis Obispo — Explore the North American Continent — A Tog's Trek,north-america,,,,,,
north-america/tag/Sands+Suites.html,tag,3,/north-america,Sands Suites — Explore the North American Continent — A Tog's Trek,north-america,,,,,,
north-america/tag/Santa+Barbara.html,tag,3,/north-america,Santa Barbara — Explore the North American Continent — A Tog's Trek,north-america,,,,,,
north-america/tag/Santa+Domingo.html,tag,3,/north-america,Santa Domingo — Explore the North American Continent — A Tog's Trek,north-america,,,,,,
north-america/tag/Santa+Monica+Pier.html,tag,3,/north-america,Santa Monica Pier — Explore the North American Continent — A Tog's Trek,north-america,,,,,,
north-america/tag/Santa+Monica.html,tag,3,/north-america,Santa Monica — Explore the North American Continent — A Tog's Trek,north-america,,,,,,
north-america/tag/Scuba+Diving.html,tag,3,/north-america,Scuba Diving — Explore the North American Continent — A Tog's Trek,north-america,,,,,,
north-america/tag/Sea+World.html,tag,3,/north-america,Sea World — Explore the North American Continent — A Tog's Trek,north-america,,,,,,
north-america/tag/Sloth.html,tag,3,/north-america,Sloth — Explore the North American Continent — A Tog's Trek,north-america,,,,,,
north-america/tag/Snorkling.html,tag,3,/north-america,Snorkling — Explore the North American Continent — A Tog's Trek,north-america,,,,,,
north-america/tag/Sonoma.html,tag,3,/north-america,Sonoma — Explore the North American Continent — A Tog's Trek,north-america,,,,,,
north-america/tag/Stockton.html,tag,3,/north-america,Stockton — Explore the North American Continent — A Tog's Trek,north-america,,,,,,
north-america/tag/Sycamore+Tree.html,tag,3,/north-america,Sycamore Tree — Explore the North American Continent — A Tog's Trek,north-america,,,,,,
north-america/tag/TT+Costa+Rica.html,tag,3,/north-america,TT Costa Rica — Explore the North American Continent — A Tog's Trek,north-america,,,,,,
north-america/tag/TT+Mexico.html,tag,3,/north-america,TT Mexico — Explore the North American Continent — A Tog's Trek,north-america,,,,,,
north-america/tag/TT+Sacramento.html,tag,3,/north-america,TT Sacramento — Explore the North American Continent — A Tog's Trek,north-america,,,,,,
north-america/tag/Tea+Party.html,tag,3,/north-america,Tea Party — Explore the North American Continent — A Tog's Trek,north-america,,,,,,
north-america/tag/Temple+of+Kukulcan.html,tag,3,/north-america,Temple of Kukulcan — Explore the North American Continent — A Tog's Trek,north-america,,,,,,
north-america/tag/Temple+of+the+Count.html,tag,3,/north-america,Temple of the Count — Explore the North American Continent — A Tog's Trek,north-america,,,,,,
north-america/tag/Temple+of+the+Cross.html,tag,3,/north-america,Temple of the Cross — Explore the North American Continent — A Tog's Trek,north-america,,,,,,
north-america/tag/Temple+of+the+Foliated+Cross.html,tag,3,/north-america,Temple of the Foliated Cross — Explore the North American Continent — A Tog's Trek,north-america,,,,,,
north-america/tag/Temple+of+the+Frescoes.html,tag,3,/north-america,Temple of the Frescoes — Explore the North American Continent — A Tog's Trek,north-america,,,,,,
north-america/tag/Temple+of+the+Inscriptions.html,tag,3,/north-america,Temple of the Inscriptions — Explore the North American Continent — A Tog's Trek,north-america,,,,,,
north-america/tag/Temple+of+the+Murals.html,tag,3,/north-america,Temple of the Murals — Explore the North American Continent — A Tog's Trek,north-america,,,,,,
north-america/tag/Temple+of+the+Sun.html,tag,3,/north-america,Temple of the Sun — Explore the North American Continent — A Tog's Trek,north-america,,,,,,
north-america/tag/Temple+of+the+Wind+God.html,tag,3,/north-america,Temple of the Wind God — Explore the North American Continent — A Tog's Trek,north-america,,,,,,
north-america/tag/Texas.html,tag,3,/north-america,Texas — Explore the North American Continent — A Tog's Trek,north-america,,,,,,
north-america/tag/The+Delta+King.html,tag,3,/north-america,The Delta King — Explore the North American Continent — A Tog's Trek,north-america,,,,,,
north-america/tag/Tikal.html,tag,3,/north-america,Tikal — Explore the North American Continent — A Tog's Trek,north-america,,,,,,
north-america/tag/Tomb+of+the+Red+Queen.html,tag,3,/north-america,Tomb of the Red Queen — Explore the North American Continent — A Tog's Trek,north-america,,,,,,
north-america/tag/Tulum+Ruins.html,tag,3,/north-america,Tulum Ruins — Explore the North American Continent — A Tog's Trek,north-america,,,,,,
north-america/tag/Tulum.html,tag,3,/north-america,Tulum — Explore the North American Continent — A Tog's Trek,north-america,,,,,,
north-america/tag/Uxmal.html,tag,3,/north-america,Uxmal — Explore the North American Continent — A Tog's Trek,north-america,,,,,,
north-america/tag/Vinyard.html,tag,3,/north-america,Vinyard — Explore the North American Continent — A Tog's Trek,north-america,,,,,,
north-america/tag/Whitewater+Rafting.html,tag,3,/north-america,Whitewater Rafting — Explore the North American Continent — A Tog's Trek,north-america,,,,,,
north-america/tag/Yaxchilan.html,tag,3,/north-america,Yaxchilan — Explore the North American Continent — A Tog's Trek,north-america,,,,,,
north-america/tag/Yosemite.html,tag,3,/north-america,Yosemite — Explore the North American Continent — A Tog's Trek,north-america,,,,,,
north-america/tag/santa+cruz.html,tag,3,/north-america,santa cruz — Explore the North American Continent — A Tog's Trek,north-america,,,,,,
north-america/texas/dallas.html,continent_place_candidate,3,/north-america,"Dallas, Texas — A Tog's Trek",north-america,texas,dallas,,,,
north-america/united-states-of-america/massachusetts/boston.html,continent_place_candidate,4,/north-america,Boston — A Tog's Trek,north-america,united-states-of-america,boston,,,,
north-america/united-states-of-america/new-jersey/scotch-plains.html,continent_place_candidate,4,/north-america,Scotch plains — A Tog's Trek,north-america,united-states-of-america,scotch-plains,,,,
north-america/usa/california/big-sur.html,continent_place_candidate,4,/north-america,"Big Sur, California — A Tog's Trek",north-america,usa,big-sur,,,,
north-america/usa/california/los-angeles.html,continent_place_candidate,4,/north-america,Los Angeles — A Tog's Trek,north-america,usa,los-angeles,,,,
north-america/usa/california/malibu.html,continent_place_candidate,4,/north-america,"Malibu, California — A Tog's Trek",north-america,usa,malibu,,,,
north-america/usa/california/napa-valley.html,continent_place_candidate,4,/north-america,"Napa Valley Winetasting, California — A Tog's Trek",north-america,usa,napa-valley,,,,
north-america/usa/california/sacramento.html,continent_place_candidate,4,/north-america,"Sacramento, California — A Tog's Trek",north-america,usa,sacramento,,,,
north-america/usa/california/san-diego.html,continent_place_candidate,4,/north-america,"San Diego, California — A Tog's Trek",north-america,usa,san-diego,,,,
north-america/usa/california/san-francisco.html,continent_place_candidate,4,/north-america,"San Francisco, California — A Tog's Trek",north-america,usa,san-francisco,,,,
north-america/usa/california/san-luis-obispo.html,continent_place_candidate,4,/north-america,"San Luis Obispo, California — A Tog's Trek",north-america,usa,san-luis-obispo,,,,
north-america/usa/california/san-simeon.html,continent_place_candidate,4,/north-america,Hearst Castle in San Simeon — A Tog's Trek,north-america,usa,san-simeon,,,,
north-america/usa/california/santa-barbara.html,continent_place_candidate,4,/north-america,"Santa Barbara, California — A Tog's Trek",north-america,usa,santa-barbara,,,,
north-america/usa/california/santa-cruz.html,continent_place_candidate,4,/north-america,"Santa Cruz, California — A Tog's Trek",north-america,usa,santa-cruz,,,,
north-america/usa/california/santa-monica.html,continent_place_candidate,4,/north-america,"Santa Monica, California — A Tog's Trek",north-america,usa,santa-monica,,,,
north-america/usa/california/sonoma.html,continent_place_candidate,4,/north-america,"Sonoma, California — A Tog's Trek",north-america,usa,sonoma,,,,
north-america/usa/california/stockton.html,continent_place_candidate,4,/north-america,"Stockton, California — A Tog's Trek",north-america,usa,stockton,,,,
north-america/usa/california/yosemite.html,continent_place_candidate,4,/north-america,"Yosemite National Park, California — A Tog's Trek",north-america,usa,yosemite,,,,
north-america/usa/ny/new-york.html,continent_place_candidate,4,/north-america,New York City — A Tog's Trek,north-america,usa,new-york,,,,
north-america.html,root_misc,1,/north-america,Explore the North American Continent — A Tog's Trek,north-america,,,,,,
north-america5390.html,root_misc,1,/north-america,Explore the North American Continent — A Tog's Trek,,,,,,,
north-america5b57.html,root_misc,1,/north-america,Explore the North American Continent — A Tog's Trek,,,,,,,
north-americaa71a.html,root_misc,1,/north-america,Explore the North American Continent — A Tog's Trek,,,,,,,
north-americacf8e.html,root_misc,1,/north-america,Explore the North American Continent — A Tog's Trek,,,,,,,
north-americafb9c.html,root_misc,1,/north-america,Explore the North American Continent — A Tog's Trek,,,,,,,
norway.html,root_misc,1,/norway,Discover Norway & Svalbard — A Tog's Trek,,,,,,,
oceania.html,root_misc,1,/oceania,Discover Oceania — A Tog's Trek,oceania,,,,,,
orebro.html,root_misc,1,/orebro,Örebro | Explore Sweden Now — A Tog's Trek,,,,,,,
ostergotland.html,root_misc,1,/ostergotland,Östergötland | Discover Hidden Wonders — A Tog's Trek,,,,,,,
other-work/art-nude.html,other_work,2,/other-work,Art Nude — A Tog's Trek,,,,,,,
other-work/astrophotography.html,other_work,2,/other-work,Astro — A Tog's Trek,,,,,,,
other-work/avalon.html,other_work,2,/other-work,Avalon — A Tog's Trek,,,,,,,
other-work/events.html,other_work,2,/other-work,Events — A Tog's Trek,,,,,,,
other-work/fetish.html,other_work,2,/other-work,Fetish — A Tog's Trek,,,,,,,
other-work/misc.html,other_work,2,/other-work,Misc — A Tog's Trek,,,,,,,
other-work/models.html,other_work,2,/other-work,Models & Fashion — A Tog's Trek,,,,,,,
other-work/music.html,other_work,2,/other-work,Music — A Tog's Trek,,,,,,,
other-work/photography-guides.html,other_work,2,/other-work,Guides — A Tog's Trek,,,,,,,
other-work/street-photography.html,other_work,2,/other-work,Street Photography — A Tog's Trek,,,,,,,
other-work.html,root_misc,1,/other-work,From Studios to Space — A Tog's Trek,,,,,,,
palestine.html,root_misc,1,/palestine,Palestine | Discover and Explore — A Tog's Trek,,,,,,,
photography/acrobatic-art-nudes.html,photography,2,/photography,Acrobatic Art Nudes — A Tog's Trek,,,,,,,
photography/art-nude/art-nude-with-ivoryflame.html,photography,3,/photography,Art Nude with IvoryFlame — A Tog's Trek,,,,,,,
photography/asptrophotography/gothenburgs-moon.html,photography,3,/photography,Gothenburg's Moon — A Tog's Trek,,,,,,,
photography/astrophotographer/perseids-meteor-shower.html,photography,3,/photography,Perseids Meteor Shower — A Tog's Trek,,,,,,,
photography/astrophotography/hand-held-moon-shots.html,photography,3,/photography,Hand Held Moon Shots — A Tog's Trek,,,,,,,
photography/astrophotography/handheld-moonshot-with-an-r5.html,photography,3,/photography,Handheld moonshot with an R5 — A Tog's Trek,,,,,,,
photography/astrophotography/more-of-the-moon.html,photography,3,/photography,More of the Moon — A Tog's Trek,,,,,,,
photography/astrophotography/observing-the-moon.html,photography,3,/photography,Observing the Moon — A Tog's Trek,,,,,,,
photography/astrophotography/the-moon.html,photography,3,/photography,The Moon — A Tog's Trek,,,,,,,
photography/astrophotography/welsh-stars.html,photography,3,/photography,Welsh Stars — A Tog's Trek,,,,,,,
photography/avalon/_https_/www.youtube.com/embed/UOoLu6DD70s250f.html,noise_https,6,,A Tog's Trek,,,,,,,
photography/avalon/_https_/www.youtube.com/embed/XQvQuxbEaiE250f.html,noise_https,6,,A Tog's Trek,,,,,,,
photography/avalon/_https_/www.youtube.com/embed/qOhK1HZr6TU250f.html,noise_https,6,,A Tog's Trek,,,,,,,
photography/avalon/avalon-day-1.html,photography,3,/photography,Avalon | Day 1 — A Tog's Trek,,,,,,,
photography/avalon/avalon-meeting-the-owner.html,photography,3,/photography,Avalon | Meeting the Owner — A Tog's Trek,,,,,,,
photography/avalon/avalon-tree-planting.html,photography,3,/photography,Avalon | Tree Planting — A Tog's Trek,,,,,,,
photography/avalon/avalon-visit-1.html,photography,3,/photography,Avalon | Visit 1 — A Tog's Trek,,,,,,,
photography/avalon/avalon-winter-is-coming.html,photography,3,/photography,Avalon | Winter is Coming — A Tog's Trek,,,,,,,
photography/avalon/day-1-and-land-tour.html,photography,3,/photography,Avalon | Land tour — A Tog's Trek,,,,,,,
photography/avalon-family-tour.html,photography,2,/photography,Avalon | Family Tour — A Tog's Trek,,,,,,,
photography/avalon-visit-2.html,photography,2,/photography,Avalon | Visit 2 — A Tog's Trek,,,,,,,
photography/capturing-fireworks.html,photography,2,/photography,Freezing Fireworks — A Tog's Trek,,,,,,,
photography/category/Art+Nude.html,category,3,/photography,Art Nude — Photography | Explore the World — A Tog's Trek,,,,,,,
photography/category/Astrophotography.html,category,3,/photography,Astrophotography — Photography | Explore the World — A Tog's Trek,,,,,,,
photography/category/Avalon.html,category,3,/photography,Avalon — Photography | Explore the World — A Tog's Trek,,,,,,,
photography/category/Events.html,category,3,/photography,Events — Photography | Explore the World — A Tog's Trek,,,,,,,
photography/category/Fetish.html,category,3,/photography,Fetish — Photography | Explore the World — A Tog's Trek,,,,,,,
photography/category/Guides.html,category,3,/photography,Guides — Photography | Explore the World — A Tog's Trek,,,,,,,
photography/category/Merlin.html,category,3,/photography,Merlin — Photography | Explore the World — A Tog's Trek,,,,,,,
photography/category/Misc.html,category,3,/photography,Misc — Photography | Explore the World — A Tog's Trek,,,,,,,
photography/category/Model.html,category,3,/photography,Model — Photography | Explore the World — A Tog's Trek,,,,,,,
photography/category/Music.html,category,3,/photography,Music — Photography | Explore the World — A Tog's Trek,,,,,,,
photography/category/Street.html,category,3,/photography,Street — Photography | Explore the World — A Tog's Trek,,,,,,,
photography/event/up-close-and-personal.html,photography,3,/photography,Up close and personal... — A Tog's Trek,,,,,,,
photography/events/158th-xchanging-boat-race.html,photography,3,/photography,158th Xchanging Boat Race — A Tog's Trek,,,,,,,
photography/events/2018-world-cup-final-croatia-vs-france.html,photography,3,/photography,2018 World Cup Final - Croatia vs France — A Tog's Trek,,,,,,,
photography/events/_https_/www.youtube.com/embed/3txikyUwYDE250f.html,noise_https,6,,A Tog's Trek,,,,,,,
photography/events/a-flooded-thames-and-a-new-bag.html,photography,3,/photography,A flooded Thames and a new bag. — A Tog's Trek,,,,,,,
photography/events/blackheath-fireworks-2010.html,photography,3,/photography,Blackheath Fireworks 2010 — A Tog's Trek,,,,,,,
photography/events/blackheath-fireworks-2011.html,photography,3,/photography,Blackheath Fireworks 2011 — A Tog's Trek,,,,,,,
photography/events/capturing-the-music.html,photography,3,/photography,Capturing the Music — A Tog's Trek,,,,,,,
photography/events/cuneo-illuminata.html,photography,3,/photography,Cuneo illuminata — A Tog's Trek,,,,,,,
photography/events/driving-protest-for-palestine.html,photography,3,/photography,Driving protest for Palestine — A Tog's Trek,,,,,,,
photography/events/edinburgh-fringe-2012.html,photography,3,/photography,Edinburgh Fringe 2012 — A Tog's Trek,,,,,,,
photography/events/edinburgh-fringe-2013.html,photography,3,/photography,Edinburgh Fringe 2013 — A Tog's Trek,,,,,,,
photography/events/edinburgh-fringe-2014.html,photography,3,/photography,Edinburgh Fringe 2014 — A Tog's Trek,,,,,,,
photography/events/edinburgh-fringe-2015.html,photography,3,/photography,Edinburgh Fringe 2015 — A Tog's Trek,,,,,,,
photography/events/edinburgh-fringe-2016.html,photography,3,/photography,Edinburgh Fringe 2016 — A Tog's Trek,,,,,,,
photography/events/eurogamer-expo-2014-egx.html,photography,3,/photography,EuroGamer Expo 2014 (EGX) — A Tog's Trek,,,,,,,
photography/events/exposed-at-exposed.html,photography,3,/photography,Exposed at Exposed.... — A Tog's Trek,,,,,,,
photography/events/goodwood-festival-of-speed-2015.html,photography,3,/photography,Goodwood Festival of Speed 2015 — A Tog's Trek,,,,,,,
photography/events/goteborgsvarvet-2024.html,photography,3,/photography,Göteborgsvarvet 2024 — A Tog's Trek,,,,,,,
photography/events/gothenburg-green-world-2016.html,photography,3,/photography,Gothenburg Green World 2016 — A Tog's Trek,,,,,,,
photography/events/gothenburgs-protest-for-george-floyd.html,photography,3,/photography,Gothenburg’s protest for George Floyd — A Tog's Trek,,,,,,,
photography/events/hdr-london.html,photography,3,/photography,HDR London — A Tog's Trek,,,,,,,
photography/events/landford-strawmen.html,photography,3,/photography,Landford Strawmen — A Tog's Trek,,,,,,,
photography/events/london-surrey-cycle-2011.html,photography,3,/photography,London-Surrey Cycle 2011 — A Tog's Trek,,,,,,,
photography/events/macro-photography-workshop.html,photography,3,/photography,Macro Photography Workshop — A Tog's Trek,,,,,,,
photography/events/meeting-merlin.html,photography,3,/photography,Meeting Merlin — A Tog's Trek,,,,,,,
photography/events/meetup-night-shoot.html,photography,3,/photography,Night Shoot — A Tog's Trek,,,,,,,
photography/events/more-light-actor-headshots.html,photography,3,/photography,“More Light” Actor Headshots — A Tog's Trek,,,,,,,
photography/events/more-light-in-low-light.html,photography,3,/photography,“More Light” in low light — A Tog's Trek,,,,,,,
photography/events/more-of-more-light.html,photography,3,/photography,"More of ""More Light"" — A Tog's Trek",,,,,,,
photography/events/motorcycle-santas.html,photography,3,/photography,Motorcycle Santas — A Tog's Trek,,,,,,,
photography/events/nazi-rally-counter-protest.html,photography,3,/photography,Nazi rally counter protest — A Tog's Trek,,,,,,,
photography/events/norwich-festival-201.html,photography,3,/photography,Norwich Festival 201 — A Tog's Trek,,,,,,,
photography/events/notting-hill-carnival-2009.html,photography,3,/photography,Notting Hill Carnival 2009 — A Tog's Trek,,,,,,,
photography/events/notting-hill-carnival-2011.html,photography,3,/photography,Notting Hill Carnival 2011 — A Tog's Trek,,,,,,,
photography/events/notting-hill-carnival-2014.html,photography,3,/photography,Notting Hill Carnival 2014 — A Tog's Trek,,,,,,,
photography/events/oscar-fredriks-kammarkr.html,photography,3,/photography,Oscar Fredriks Kammarkör — A Tog's Trek,,,,,,,
photography/events/soho-street-photography.html,photography,3,/photography,Soho Street Photography — A Tog's Trek,,,,,,,
photography/events/sunset-amp-sunrise.html,photography,3,/photography,Sunset & Sunrise — A Tog's Trek,,,,,,,
photography/events/vi-som-alskar-90-amp-00-talet-2022.html,photography,3,/photography,Vi som älskar 90&00-talet 2022 — A Tog's Trek,,,,,,,
photography/events/year-of-the-earth-ox-celebration.html,photography,3,/photography,Year of the Earth Ox Celebration — A Tog's Trek,,,,,,,
photography/explosion-at-sejdeln.html,photography,2,/photography,Explosion at Sejdeln — A Tog's Trek,,,,,,,
photography/fetish/shibari-rope-bondage.html,photography,3,/photography,Shibari Rope Bondage — A Tog's Trek,,,,,,,
photography/guides/nigel-wilson-night-course.html,photography,3,/photography,Nigel Wilson Night Course — A Tog's Trek,,,,,,,
photography/light-orbs-amp-zoom-burst.html,photography,2,/photography,Light Orbs & Zoom Burst Photography — A Tog's Trek,,,,,,,
photography/macro.html,photography,2,/photography,Macro — A Tog's Trek,,,,,,,
photography/misc/baby-alg.html,photography,3,/photography,Baby Älg — A Tog's Trek,,,,,,,
photography/misc/canon-5d-mark-iii.html,photography,3,/photography,Canon 5D Mark III — A Tog's Trek,,,,,,,
photography/misc/canon-powershot-g11.html,photography,3,/photography,Canon Powershot G11 — A Tog's Trek,,,,,,,
photography/misc/canon-r5.html,photography,3,/photography,Canon R5 — A Tog's Trek,,,,,,,
photography/misc/christmas-day-in-slottskogen.html,photography,3,/photography,Christmas Day in Slottskogen — A Tog's Trek,,,,,,,
photography/misc/christmas-eve-at-gteborgs-botaniska-trdgrd.html,photography,3,/photography,Christmas Eve at Göteborgs Botaniska Trädgård — A Tog's Trek,,,,,,,
photography/misc/forest-pumpkins.html,photography,3,/photography,Forest Pumpkins — A Tog's Trek,,,,,,,
photography/misc/google-ingress-amp-photography.html,photography,3,/photography,Google Ingress & Photography — A Tog's Trek,,,,,,,
photography/misc/grey-london.html,photography,3,/photography,Grey London — A Tog's Trek,,,,,,,
photography/misc/macro-spider.html,photography,3,/photography,Macro Spider — A Tog's Trek,,,,,,,
photography/misc/midnight-fox.html,photography,3,/photography,Midnight Fox — A Tog's Trek,,,,,,,
photography/misc/new-forest-animals.html,photography,3,/photography,New Forest Animals — A Tog's Trek,,,,,,,
photography/misc/ring-flash-with-lego.html,photography,3,/photography,Ring Flash with Lego — A Tog's Trek,,,,,,,
photography/model/corporate-self-portraits.html,photography,3,/photography,Corporate Self Portraits — A Tog's Trek,,,,,,,
photography/models/80s-fashion.html,photography,3,/photography,‘80s Fashion — A Tog's Trek,,,,,,,
photography/models/a-trip-to-the-moon-1901.html,photography,3,/photography,A Trip to the Moon (1901) — A Tog's Trek,,,,,,,
photography/models/advanced-studio-lighting.html,photography,3,/photography,Advanced Studio Lighting — A Tog's Trek,,,,,,,
photography/models/body-adornment.html,photography,3,/photography,Body Adornment — A Tog's Trek,,,,,,,
photography/models/corporate-stock-imagery.html,photography,3,/photography,Corporate Stock Imagery — A Tog's Trek,,,,,,,
photography/models/dancing.html,photography,3,/photography,Dancing — A Tog's Trek,,,,,,,
photography/models/ella-de-vine.html,photography,3,/photography,Ella De Vine — A Tog's Trek,,,,,,,
photography/models/fantasy-fashion.html,photography,3,/photography,Fantasy Fashion — A Tog's Trek,,,,,,,
photography/models/fashionable-zombies.html,photography,3,/photography,Fashionable Zombies — A Tog's Trek,,,,,,,
photography/models/fun-with-gels.html,photography,3,/photography,Fun with gels — A Tog's Trek,,,,,,,
photography/models/giants.html,photography,3,/photography,Giants — A Tog's Trek,,,,,,,
photography/models/goths-and-vampires.html,photography,3,/photography,Goths & Vampires — A Tog's Trek,,,,,,,
photography/models/high-street-fashion.html,photography,3,/photography,High Street Fashion — A Tog's Trek,,,,,,,
photography/models/london-latex.html,photography,3,/photography,London Latex — A Tog's Trek,,,,,,,
photography/models/miss-dark-meets-mr-nice.html,photography,3,/photography,Miss Dark Meets Mr Nice — A Tog's Trek,,,,,,,
photography/models/pgmg-recreating-famous-photographs.html,photography,3,/photography,Recreating Famous Photographs — A Tog's Trek,,,,,,,
photography/models/pin-up.html,photography,3,/photography,Pin-Up — A Tog's Trek,,,,,,,
photography/models/the-trail-of-the-catwoman.html,photography,3,/photography,The Trail of the Catwoman — A Tog's Trek,,,,,,,
photography/models/urban-decay.html,photography,3,/photography,Urban Decay — A Tog's Trek,,,,,,,
photography/music/_https_/www.youtube.com/embed/bZTCOZnAIUY250f.html,noise_https,6,,A Tog's Trek,,,,,,,
photography/music/anais-mitchell.html,photography,3,/photography,Anais Mitchell — A Tog's Trek,,,,,,,
photography/music/ducky-fuzzlins-o2-academy.html,photography,3,/photography,Ducky Fuzzlin's @ O2 Academy — A Tog's Trek,,,,,,,
photography/music/ducky-fuzzlins-o2.html,photography,3,/photography,Ducky Fuzzlin's @ O2 — A Tog's Trek,,,,,,,
photography/music/dust-poets-12-bar.html,photography,3,/photography,Dust Poets @ 12 Bar — A Tog's Trek,,,,,,,
photography/music/joe-pug-live-relentless-garage.html,photography,3,/photography,Joe Pug Live @ Relentless Garage — A Tog's Trek,,,,,,,
photography/music/klass-ii-boy-with-apple.html,photography,3,/photography,KLASS II + BOY WITH APPLE 31/10  — A Tog's Trek,,,,,,,
photography/music/musician-shoot.html,photography,3,/photography,Musician Shoot — A Tog's Trek,,,,,,,
photography/music/on-the-edge.html,photography,3,/photography,On The Edge — A Tog's Trek,,,,,,,
photography/music/oppet-hus-creative-spaces.html,photography,3,/photography,Öppet Hus @ Creative Spaces — A Tog's Trek,,,,,,,
photography/music/sounds-of-gothenburg-1.html,photography,3,/photography,Sounds of Gothenburg #1 — A Tog's Trek,,,,,,,
photography/music/the-eras-tour.html,photography,3,/photography,The Eras Tour — A Tog's Trek,,,,,,,
photography/night-shooting-guide.html,photography,2,/photography,Night Shooting Guide — A Tog's Trek,,,,,,,
photography/richmond-sunsets.html,photography,2,/photography,Richmond Sunsets — A Tog's Trek,,,,,,,
photography/self-portraits.html,photography,2,/photography,Self Portraits — A Tog's Trek,,,,,,,
photography/street/eriksberg-night-shoot.html,photography,3,/photography,Eriksberg Night Shoot — A Tog's Trek,,,,,,,
photography/tag/12Bar.html,tag,3,/photography,12Bar — Photography | Explore the World — A Tog's Trek,,,,,,,
photography/tag/1980s.html,tag,3,/photography,1980s — Photography | Explore the World — A Tog's Trek,,,,,,,
photography/tag/90stalet.html,tag,3,/photography,90stalet — Photography | Explore the World — A Tog's Trek,,,,,,,
photography/tag/A1.html,tag,3,/photography,A1 — Photography | Explore the World — A Tog's Trek,,,,,,,
photography/tag/Alg.html,tag,3,/photography,Alg — Photography | Explore the World — A Tog's Trek,,,,,,,
photography/tag/Anais+Mitchell.html,tag,3,/photography,Anais Mitchell — Photography | Explore the World — A Tog's Trek,,,,,,,
photography/tag/Animals.html,tag,3,/photography,Animals — Photography | Explore the World — A Tog's Trek,,,,,,,
photography/tag/Axis+of+Awesome.html,tag,3,/photography,Axis of Awesome — Photography | Explore the World — A Tog's Trek,,,,,,,
photography/tag/Älg.html,tag,3,/photography,Älg — Photography | Explore the World — A Tog's Trek,,,,,,,
photography/tag/BLM.html,tag,3,/photography,BLM — Photography | Explore the World — A Tog's Trek,,,,,,,
photography/tag/Bella+Sokol.html,tag,3,/photography,Bella Sokol — Photography | Explore the World — A Tog's Trek,,,,,,,
photography/tag/Bernedoodle.html,tag,3,/photography,Bernedoodle — Photography | Explore the World — A Tog's Trek,,,,,,,
photography/tag/Bestcoast+Kennel.html,tag,3,/photography,Bestcoast Kennel — Photography | Explore the World — A Tog's Trek,,,,,,,
photography/tag/Black+Lives+Matter.html,tag,3,/photography,Black Lives Matter — Photography | Explore the World — A Tog's Trek,,,,,,,
photography/tag/BlackLivesMatter.html,tag,3,/photography,BlackLivesMatter — Photography | Explore the World — A Tog's Trek,,,,,,,
photography/tag/Blackheath+Fireworks.html,tag,3,/photography,Blackheath Fireworks — Photography | Explore the World — A Tog's Trek,,,,,,,
photography/tag/Blümchen.html,tag,3,/photography,Blümchen — Photography | Explore the World — A Tog's Trek,,,,,,,
photography/tag/Boat+Race.html,tag,3,/photography,Boat Race — Photography | Explore the World — A Tog's Trek,,,,,,,
photography/tag/Bondage.html,tag,3,/photography,Bondage — Photography | Explore the World — A Tog's Trek,,,,,,,
photography/tag/Boy+With+Apple.html,tag,3,/photography,Boy With Apple — Photography | Explore the World — A Tog's Trek,,,,,,,
photography/tag/Bryony+Lavery.html,tag,3,/photography,Bryony Lavery — Photography | Explore the World — A Tog's Trek,,,,,,,
photography/tag/Cambridge.html,tag,3,/photography,Cambridge — Photography | Explore the World — A Tog's Trek,,,,,,,
photography/tag/Camden.html,tag,3,/photography,Camden — Photography | Explore the World — A Tog's Trek,,,,,,,
photography/tag/Canon+5D+Mark+III.html,tag,3,/photography,Canon 5D Mark III — Photography | Explore the World — A Tog's Trek,,,,,,,
photography/tag/Canon+5D.html,tag,3,/photography,Canon 5D — Photography | Explore the World — A Tog's Trek,,,,,,,
photography/tag/Canon+Powershot+G11.html,tag,3,/photography,Canon Powershot G11 — Photography | Explore the World — A Tog's Trek,,,,,,,
photography/tag/Canon.html,tag,3,/photography,Canon — Photography | Explore the World — A Tog's Trek,,,,,,,
photography/tag/Catwoman.html,tag,3,/photography,Catwoman — Photography | Explore the World — A Tog's Trek,,,,,,,
photography/tag/Cemetary.html,tag,3,/photography,Cemetary — Photography | Explore the World — A Tog's Trek,,,,,,,
photography/tag/Chinese+New+Year.html,tag,3,/photography,Chinese New Year — Photography | Explore the World — A Tog's Trek,,,,,,,
photography/tag/Christmas+Eve.html,tag,3,/photography,Christmas Eve — Photography | Explore the World — A Tog's Trek,,,,,,,
photography/tag/Clarence+Bucaro.html,tag,3,/photography,Clarence Bucaro — Photography | Explore the World — A Tog's Trek,,,,,,,
photography/tag/Corporate.html,tag,3,/photography,Corporate — Photography | Explore the World — A Tog's Trek,,,,,,,
photography/tag/Creative+Spaces.html,tag,3,/photography,Creative Spaces — Photography | Explore the World — A Tog's Trek,,,,,,,
photography/tag/Croatia.html,tag,3,/photography,Croatia — Photography | Explore the World — A Tog's Trek,,,,,,,
photography/tag/Cuneo+illuminata+2018.html,tag,3,/photography,Cuneo illuminata 2018 — Photography | Explore the World — A Tog's Trek,,,,,,,
photography/tag/Cycling.html,tag,3,/photography,Cycling — Photography | Explore the World — A Tog's Trek,,,,,,,
photography/tag/Dana+&+Matt.html,tag,3,/photography,Dana & Matt — Photography | Explore the World — A Tog's Trek,,,,,,,
photography/tag/Dancing.html,tag,3,/photography,Dancing — Photography | Explore the World — A Tog's Trek,,,,,,,
photography/tag/Day+Felice.html,tag,3,/photography,Day Felice — Photography | Explore the World — A Tog's Trek,,,,,,,
photography/tag/Day+Felis.html,tag,3,/photography,Day Felis — Photography | Explore the World — A Tog's Trek,,,,,,,
photography/tag/Deer.html,tag,3,/photography,Deer — Photography | Explore the World — A Tog's Trek,,,,,,,
photography/tag/Dirty+Records.html,tag,3,/photography,Dirty Records — Photography | Explore the World — A Tog's Trek,,,,,,,
photography/tag/Dog.html,tag,3,/photography,Dog — Photography | Explore the World — A Tog's Trek,,,,,,,
photography/tag/Ducky+Fuzzlin's.html,tag,3,/photography,Ducky Fuzzlin's — Photography | Explore the World — A Tog's Trek,,,,,,,
photography/tag/Dust+Poets.html,tag,3,/photography,Dust Poets — Photography | Explore the World — A Tog's Trek,,,,,,,
photography/tag/E-Type.html,tag,3,/photography,E-Type — Photography | Explore the World — A Tog's Trek,,,,,,,
photography/tag/Edinburgh+Fringe.html,tag,3,/photography,Edinburgh Fringe — Photography | Explore the World — A Tog's Trek,,,,,,,
photography/tag/Edinburgh.html,tag,3,/photography,Edinburgh — Photography | Explore the World — A Tog's Trek,,,,,,,
photography/tag/Elk.html,tag,3,/photography,Elk — Photography | Explore the World — A Tog's Trek,,,,,,,
photography/tag/Ella+De+Vine.html,tag,3,/photography,Ella De Vine — Photography | Explore the World — A Tog's Trek,,,,,,,
photography/tag/Elle+Black.html,tag,3,/photography,Elle Black — Photography | Explore the World — A Tog's Trek,,,,,,,
photography/tag/Eras+Tour+2024.html,tag,3,/photography,Eras Tour 2024 — Photography | Explore the World — A Tog's Trek,,,,,,,
photography/tag/Eras+Tour+Stockhom.html,tag,3,/photography,Eras Tour Stockhom — Photography | Explore the World — A Tog's Trek,,,,,,,
photography/tag/Eras+Tour.html,tag,3,/photography,Eras Tour — Photography | Explore the World — A Tog's Trek,,,,,,,
photography/tag/Eriksberg.html,tag,3,/photography,Eriksberg — Photography | Explore the World — A Tog's Trek,,,,,,,
photography/tag/Explosion.html,tag,3,/photography,Explosion — Photography | Explore the World — A Tog's Trek,,,,,,,
photography/tag/Fashion.html,tag,3,/photography,Fashion — Photography | Explore the World — A Tog's Trek,,,,,,,
photography/tag/Fetish.html,tag,3,/photography,Fetish — Photography | Explore the World — A Tog's Trek,,,,,,,
photography/tag/Fireworks.html,tag,3,/photography,Fireworks — Photography | Explore the World — A Tog's Trek,,,,,,,
photography/tag/Flowers.html,tag,3,/photography,Flowers — Photography | Explore the World — A Tog's Trek,,,,,,,
photography/tag/Football.html,tag,3,/photography,Football — Photography | Explore the World — A Tog's Trek,,,,,,,
photography/tag/Fox.html,tag,3,/photography,Fox — Photography | Explore the World — A Tog's Trek,,,,,,,
photography/tag/France.html,tag,3,/photography,France — Photography | Explore the World — A Tog's Trek,,,,,,,
photography/tag/Fringe.html,tag,3,/photography,Fringe — Photography | Explore the World — A Tog's Trek,,,,,,,
photography/tag/Gaming.html,tag,3,/photography,Gaming — Photography | Explore the World — A Tog's Trek,,,,,,,
photography/tag/Gel.html,tag,3,/photography,Gel — Photography | Explore the World — A Tog's Trek,,,,,,,
photography/tag/George+Floyd.html,tag,3,/photography,George Floyd — Photography | Explore the World — A Tog's Trek,,,,,,,
photography/tag/Giants.html,tag,3,/photography,Giants — Photography | Explore the World — A Tog's Trek,,,,,,,
photography/tag/Goodwood+Festival+of+Speed.html,tag,3,/photography,Goodwood Festival of Speed — Photography | Explore the World — A Tog's Trek,,,,,,,
photography/tag/Goodwood.html,tag,3,/photography,Goodwood — Photography | Explore the World — A Tog's Trek,,,,,,,
photography/tag/Goteborgsvarvet+2024.html,tag,3,/photography,Goteborgsvarvet 2024 — Photography | Explore the World — A Tog's Trek,,,,,,,
photography/tag/Goth.html,tag,3,/photography,Goth — Photography | Explore the World — A Tog's Trek,,,,,,,
photography/tag/Gothenburg.html,tag,3,/photography,Gothenburg — Photography | Explore the World — A Tog's Trek,,,,,,,
photography/tag/Göteborgsvarvet+2024.html,tag,3,/photography,Göteborgsvarvet 2024 — Photography | Explore the World — A Tog's Trek,,,,,,,
photography/tag/Göteborgsvarvet.html,tag,3,/photography,Göteborgsvarvet — Photography | Explore the World — A Tog's Trek,,,,,,,
photography/tag/Green+World.html,tag,3,/photography,Green World — Photography | Explore the World — A Tog's Trek,,,,,,,
photography/tag/Guides.html,tag,3,/photography,Guides — Photography | Explore the World — A Tog's Trek,,,,,,,
photography/tag/HDR.html,tag,3,/photography,HDR — Photography | Explore the World — A Tog's Trek,,,,,,,
photography/tag/Half-Marathon.html,tag,3,/photography,Half-Marathon — Photography | Explore the World — A Tog's Trek,,,,,,,
photography/tag/Horse.html,tag,3,/photography,Horse — Photography | Explore the World — A Tog's Trek,,,,,,,
photography/tag/Ingress.html,tag,3,/photography,Ingress — Photography | Explore the World — A Tog's Trek,,,,,,,
photography/tag/IvoryFlame.html,tag,3,/photography,IvoryFlame — Photography | Explore the World — A Tog's Trek,,,,,,,
photography/tag/Jaded+Jane.html,tag,3,/photography,Jaded Jane — Photography | Explore the World — A Tog's Trek,,,,,,,
photography/tag/Joe+Pug.html,tag,3,/photography,Joe Pug — Photography | Explore the World — A Tog's Trek,,,,,,,
photography/tag/KLASS+II.html,tag,3,/photography,KLASS II — Photography | Explore the World — A Tog's Trek,,,,,,,
photography/tag/LPMG.html,tag,3,/photography,LPMG — Photography | Explore the World — A Tog's Trek,,,,,,,
photography/tag/Landford.html,tag,3,/photography,Landford — Photography | Explore the World — A Tog's Trek,,,,,,,
photography/tag/Las+Ketchup.html,tag,3,/photography,Las Ketchup — Photography | Explore the World — A Tog's Trek,,,,,,,
photography/tag/Latex.html,tag,3,/photography,Latex — Photography | Explore the World — A Tog's Trek,,,,,,,
photography/tag/Laura+Vorwerg.html,tag,3,/photography,Laura Vorwerg — Photography | Explore the World — A Tog's Trek,,,,,,,
photography/tag/Lego.html,tag,3,/photography,Lego — Photography | Explore the World — A Tog's Trek,,,,,,,
photography/tag/Light+Orb.html,tag,3,/photography,Light Orb — Photography | Explore the World — A Tog's Trek,,,,,,,
photography/tag/Light+Orbs+&+Rails.html,tag,3,/photography,Light Orbs & Rails — Photography | Explore the World — A Tog's Trek,,,,,,,
photography/tag/Lightspot.html,tag,3,/photography,Lightspot — Photography | Explore the World — A Tog's Trek,,,,,,,
photography/tag/London-Surry.html,tag,3,/photography,London-Surry — Photography | Explore the World — A Tog's Trek,,,,,,,
photography/tag/London.html,tag,3,/photography,London — Photography | Explore the World — A Tog's Trek,,,,,,,
photography/tag/Lovisa+Lago.html,tag,3,/photography,Lovisa Lago — Photography | Explore the World — A Tog's Trek,,,,,,,
photography/tag/Macro.html,tag,3,/photography,Macro — Photography | Explore the World — A Tog's Trek,,,,,,,
photography/tag/March.html,tag,3,/photography,March — Photography | Explore the World — A Tog's Trek,,,,,,,
photography/tag/Meetup.html,tag,3,/photography,Meetup — Photography | Explore the World — A Tog's Trek,,,,,,,
photography/tag/Merlin.html,tag,3,/photography,Merlin — Photography | Explore the World — A Tog's Trek,,,,,,,
photography/tag/Moon.html,tag,3,/photography,Moon — Photography | Explore the World — A Tog's Trek,,,,,,,
photography/tag/Moose.html,tag,3,/photography,Moose — Photography | Explore the World — A Tog's Trek,,,,,,,
photography/tag/More+Light.html,tag,3,/photography,More Light — Photography | Explore the World — A Tog's Trek,,,,,,,
photography/tag/Motorcycle.html,tag,3,/photography,Motorcycle — Photography | Explore the World — A Tog's Trek,,,,,,,
photography/tag/Museum.html,tag,3,/photography,Museum — Photography | Explore the World — A Tog's Trek,,,,,,,
photography/tag/Music.html,tag,3,/photography,Music — Photography | Explore the World — A Tog's Trek,,,,,,,
photography/tag/NSFW.html,tag,3,/photography,NSFW — Photography | Explore the World — A Tog's Trek,,,,,,,
photography/tag/New+Forest.html,tag,3,/photography,New Forest — Photography | Explore the World — A Tog's Trek,,,,,,,
photography/tag/Night+Photography.html,tag,3,/photography,Night Photography — Photography | Explore the World — A Tog's Trek,,,,,,,
photography/tag/Night.html,tag,3,/photography,Night — Photography | Explore the World — A Tog's Trek,,,,,,,
photography/tag/Norwich+Festival.html,tag,3,/photography,Norwich Festival — Photography | Explore the World — A Tog's Trek,,,,,,,
photography/tag/Norwich.html,tag,3,/photography,Norwich — Photography | Explore the World — A Tog's Trek,,,,,,,
photography/tag/Notting+Hill+Carnival.html,tag,3,/photography,Notting Hill Carnival — Photography | Explore the World — A Tog's Trek,,,,,,,
photography/tag/O2+Academy.html,tag,3,/photography,O2 Academy — Photography | Explore the World — A Tog's Trek,,,,,,,
photography/tag/On+The+Edge.html,tag,3,/photography,On The Edge — Photography | Explore the World — A Tog's Trek,,,,,,,
photography/tag/Oxford.html,tag,3,/photography,Oxford — Photography | Explore the World — A Tog's Trek,,,,,,,
photography/tag/PGMG.html,tag,3,/photography,PGMG — Photography | Explore the World — A Tog's Trek,,,,,,,
photography/tag/Painting+with+Light.html,tag,3,/photography,Painting with Light — Photography | Explore the World — A Tog's Trek,,,,,,,
photography/tag/Palestine.html,tag,3,/photography,Palestine — Photography | Explore the World — A Tog's Trek,,,,,,,
photography/tag/Penguin.html,tag,3,/photography,Penguin — Photography | Explore the World — A Tog's Trek,,,,,,,
photography/tag/Perseids+Meteor+Shower.html,tag,3,/photography,Perseids Meteor Shower — Photography | Explore the World — A Tog's Trek,,,,,,,
photography/tag/Pin-Up.html,tag,3,/photography,Pin-Up — Photography | Explore the World — A Tog's Trek,,,,,,,
photography/tag/Play.html,tag,3,/photography,Play — Photography | Explore the World — A Tog's Trek,,,,,,,
photography/tag/Protest.html,tag,3,/photography,Protest — Photography | Explore the World — A Tog's Trek,,,,,,,
photography/tag/Pumpkin.html,tag,3,/photography,Pumpkin — Photography | Explore the World — A Tog's Trek,,,,,,,
photography/tag/Relentless+Garage.html,tag,3,/photography,Relentless Garage — Photography | Explore the World — A Tog's Trek,,,,,,,
photography/tag/Richmond+World+Music+Festival.html,tag,3,/photography,Richmond World Music Festival — Photography | Explore the World — A Tog's Trek,,,,,,,
photography/tag/Richmond.html,tag,3,/photography,Richmond — Photography | Explore the World — A Tog's Trek,,,,,,,
photography/tag/Robin+S.html,tag,3,/photography,Robin S — Photography | Explore the World — A Tog's Trek,,,,,,,
photography/tag/Santa.html,tag,3,/photography,Santa — Photography | Explore the World — A Tog's Trek,,,,,,,
photography/tag/Scarecrow.html,tag,3,/photography,Scarecrow — Photography | Explore the World — A Tog's Trek,,,,,,,
photography/tag/Scooter.html,tag,3,/photography,Scooter — Photography | Explore the World — A Tog's Trek,,,,,,,
photography/tag/Seal.html,tag,3,/photography,Seal — Photography | Explore the World — A Tog's Trek,,,,,,,
photography/tag/Sejdeln.html,tag,3,/photography,Sejdeln — Photography | Explore the World — A Tog's Trek,,,,,,,
photography/tag/Self+Portrait.html,tag,3,/photography,Self Portrait — Photography | Explore the World — A Tog's Trek,,,,,,,
photography/tag/Sheep.html,tag,3,/photography,Sheep — Photography | Explore the World — A Tog's Trek,,,,,,,
photography/tag/Shibari.html,tag,3,/photography,Shibari — Photography | Explore the World — A Tog's Trek,,,,,,,
photography/tag/Slottskogen.html,tag,3,/photography,Slottskogen — Photography | Explore the World — A Tog's Trek,,,,,,,
photography/tag/Soho.html,tag,3,/photography,Soho — Photography | Explore the World — A Tog's Trek,,,,,,,
photography/tag/Sounds+of+Gothenburg.html,tag,3,/photography,Sounds of Gothenburg — Photography | Explore the World — A Tog's Trek,,,,,,,
photography/tag/Spider.html,tag,3,/photography,Spider — Photography | Explore the World — A Tog's Trek,,,,,,,
photography/tag/Split.html,tag,3,/photography,Split — Photography | Explore the World — A Tog's Trek,,,,,,,
photography/tag/Squirrel.html,tag,3,/photography,Squirrel — Photography | Explore the World — A Tog's Trek,,,,,,,
photography/tag/Stars.html,tag,3,/photography,Stars — Photography | Explore the World — A Tog's Trek,,,,,,,
photography/tag/Strawmen.html,tag,3,/photography,Strawmen — Photography | Explore the World — A Tog's Trek,,,,,,,
photography/tag/Street+Photography.html,tag,3,/photography,Street Photography — Photography | Explore the World — A Tog's Trek,,,,,,,
photography/tag/Studio.html,tag,3,/photography,Studio — Photography | Explore the World — A Tog's Trek,,,,,,,
photography/tag/Sunrise.html,tag,3,/photography,Sunrise — Photography | Explore the World — A Tog's Trek,,,,,,,
photography/tag/Sunset.html,tag,3,/photography,Sunset — Photography | Explore the World — A Tog's Trek,,,,,,,
photography/tag/T+&+The+Rex.html,tag,3,/photography,T & The Rex — Photography | Explore the World — A Tog's Trek,,,,,,,
photography/tag/Tattoo.html,tag,3,/photography,Tattoo — Photography | Explore the World — A Tog's Trek,,,,,,,
photography/tag/Taylor+Swift.html,tag,3,/photography,Taylor Swift — Photography | Explore the World — A Tog's Trek,,,,,,,
photography/tag/Technicalboy.html,tag,3,/photography,Technicalboy — Photography | Explore the World — A Tog's Trek,,,,,,,
photography/tag/Theatre.html,tag,3,/photography,Theatre — Photography | Explore the World — A Tog's Trek,,,,,,,
photography/tag/Trip+to+the+Moon+(1901).html,tag,3,/photography,Trip to the Moon (1901) — Photography | Explore the World — A Tog's Trek,,,,,,,
photography/tag/Urban.html,tag,3,/photography,Urban — Photography | Explore the World — A Tog's Trek,,,,,,,
photography/tag/Vampire.html,tag,3,/photography,Vampire — Photography | Explore the World — A Tog's Trek,,,,,,,
photography/tag/Whigfield.html,tag,3,/photography,Whigfield — Photography | Explore the World — A Tog's Trek,,,,,,,
photography/tag/World+Cup+2018.html,tag,3,/photography,World Cup 2018 — Photography | Explore the World — A Tog's Trek,,,,,,,
photography/tag/World+Cup+Final.html,tag,3,/photography,World Cup Final — Photography | Explore the World — A Tog's Trek,,,,,,,
photography/tag/Zambula.html,tag,3,/photography,Zambula — Photography | Explore the World — A Tog's Trek,,,,,,,
photography/tag/Zombie.html,tag,3,/photography,Zombie — Photography | Explore the World — A Tog's Trek,,,,,,,
photography/tag/Zoom+Burst.html,tag,3,/photography,Zoom Burst — Photography | Explore the World — A Tog's Trek,,,,,,,
photography/tag/campfire.html,tag,3,/photography,campfire — Photography | Explore the World — A Tog's Trek,,,,,,,
photography.html,root_misc,1,/photography,Photography | Explore the World — A Tog's Trek,,,,,,,
photography10ed.html,root_misc,1,/photography,Photography | Explore the World — A Tog's Trek,,,,,,,
photography1218.html,root_misc,1,/photography,Photography | Explore the World — A Tog's Trek,,,,,,,
photography1de2.html,root_misc,1,/photography,Photography | Explore the World — A Tog's Trek,,,,,,,
photography27a4.html,root_misc,1,/photography,Photography | Explore the World — A Tog's Trek,,,,,,,
photography2804.html,root_misc,1,/photography,Photography | Explore the World — A Tog's Trek,,,,,,,
photography310d.html,root_misc,1,/photography,Photography | Explore the World — A Tog's Trek,,,,,,,
photography4b64.html,root_misc,1,/photography,Photography | Explore the World — A Tog's Trek,,,,,,,
photography4ede.html,root_misc,1,/photography,Photography | Explore the World — A Tog's Trek,,,,,,,
photography5000.html,root_misc,1,/photography,Photography | Explore the World — A Tog's Trek,,,,,,,
photography525c.html,root_misc,1,/photography,Photography | Explore the World — A Tog's Trek,,,,,,,
photography5292.html,root_misc,1,/photography,Photography | Explore the World — A Tog's Trek,,,,,,,
photography6378.html,root_misc,1,/photography,Photography | Explore the World — A Tog's Trek,,,,,,,
photography7274.html,root_misc,1,/photography,Photography | Explore the World — A Tog's Trek,,,,,,,
photography7316.html,root_misc,1,/photography,Photography | Explore the World — A Tog's Trek,,,,,,,
photography7a25.html,root_misc,1,/photography,Photography | Explore the World — A Tog's Trek,,,,,,,
photography852a.html,root_misc,1,/photography,Photography | Explore the World — A Tog's Trek,,,,,,,
photography855a.html,root_misc,1,/photography,Photography | Explore the World — A Tog's Trek,,,,,,,
photography995d.html,root_misc,1,/photography,Photography | Explore the World — A Tog's Trek,,,,,,,
photographya12b.html,root_misc,1,/photography,Photography | Explore the World — A Tog's Trek,,,,,,,
photographyaa5d.html,root_misc,1,/photography,Photography | Explore the World — A Tog's Trek,,,,,,,
photographyb59b.html,root_misc,1,/photography,Photography | Explore the World — A Tog's Trek,,,,,,,
photographyb756.html,root_misc,1,/photography,Photography | Explore the World — A Tog's Trek,,,,,,,
photographyba53.html,root_misc,1,/photography,Photography | Explore the World — A Tog's Trek,,,,,,,
photographycbc1.html,root_misc,1,/photography,Photography | Explore the World — A Tog's Trek,,,,,,,
photographyda30.html,root_misc,1,/photography,Photography | Explore the World — A Tog's Trek,,,,,,,
photographye105.html,root_misc,1,/photography,Photography | Explore the World — A Tog's Trek,,,,,,,
photographye76d.html,root_misc,1,/photography,Photography | Explore the World — A Tog's Trek,,,,,,,
photographyfb9c.html,root_misc,1,/photography,Photography | Explore the World — A Tog's Trek,,,,,,,
portfolio/2011-travelling-through-nepal.html,root_misc,2,,A Tog's Trek,,,,,,,
portugal.html,root_misc,1,/portugal,Portugal | Explore Portuguese Wonders — A Tog's Trek,,,,,,,
romania.html,root_misc,1,/romania,Romania | Explore Romania Now — A Tog's Trek,,,,,,,
russia.html,root_misc,1,/russia,Russia | Explore and Discover — A Tog's Trek,,,,,,,
serbia.html,root_misc,1,/serbia,Serbia | Discover Serbia's Charm — A Tog's Trek,,,,,,,
shropshire.html,root_misc,1,/shropshire,Shropshire | Explore History & Nature — A Tog's Trek,,,,,,,
singapore.html,root_misc,1,/singapore,Singapore | Explore the Metropolis — A Tog's Trek,,,,,,,
skane.html,root_misc,1,/skane,Skåne | Explore More Now — A Tog's Trek,,,,,,,
slovakia.html,root_misc,1,/slovakia,Slovakia | Explore Slovakia's Wonders — A Tog's Trek,,,,,,,
sodermanland.html,root_misc,1,/sodermanland,"Södermanland | Discover, Explore Sörmland — A Tog's Trek",,,,,,,
somerset.html,root_misc,1,/somerset,Somerset | Explore Somerset's Wonders — A Tog's Trek,,,,,,,
south-america/argentina/beagle-channel.html,continent_place_candidate,3,/south-america,Beagle Channel — A Tog's Trek,south-america,argentina,beagle-channel,,,,
south-america/argentina/buenos-aires.html,continent_place_candidate,3,/south-america,Buenos Aires — A Tog's Trek,south-america,argentina,buenos-aires,,,,
south-america/argentina/el-calafate.html,continent_place_candidate,3,/south-america,El Calafate — A Tog's Trek,south-america,argentina,el-calafate,,,,
south-america/argentina/ushuaia.html,continent_place_candidate,3,/south-america,Ushuaia — A Tog's Trek,south-america,argentina,ushuaia,,,,
south-america/category/Argentina.html,category,3,/south-america,Argentina — South America | Explore Vibrant Adventures — A Tog's Trek,south-america,,,,,,
south-america/category/Colombia.html,category,3,/south-america,Colombia — South America | Explore Vibrant Adventures — A Tog's Trek,south-america,,,,,,
south-america/category/Ecuador.html,category,3,/south-america,Ecuador — South America | Explore Vibrant Adventures — A Tog's Trek,south-america,,,,,,
south-america/colombia/las-lajas.html,continent_place_candidate,3,/south-america,Las Lajas — A Tog's Trek,south-america,colombia,las-lajas,,,,
south-america/ecuador/biblian.html,continent_place_candidate,3,/south-america,Biblián — A Tog's Trek,south-america,ecuador,biblian,,,,
south-america/ecuador/cuenca.html,continent_place_candidate,3,/south-america,Cuenca — A Tog's Trek,south-america,ecuador,cuenca,,,,
south-america/ecuador/ingapirca.html,continent_place_candidate,3,/south-america,Ingapirca — A Tog's Trek,south-america,ecuador,ingapirca,,,,
south-america/ecuador/isla-de-san-cristobal.html,continent_place_candidate,3,/south-america,Isla de San Cristobal — A Tog's Trek,south-america,ecuador,isla-de-san-cristobal,,,,
south-america/ecuador/isla-floreana.html,continent_place_candidate,3,/south-america,Isla Floreana — A Tog's Trek,south-america,ecuador,isla-floreana,,,,
south-america/ecuador/isla-isabela.html,continent_place_candidate,3,/south-america,Isla Isabela — A Tog's Trek,south-america,ecuador,isla-isabela,,,,
south-america/ecuador/isla-santa-cruz.html,continent_place_candidate,3,/south-america,Isla Santa Cruz — A Tog's Trek,south-america,ecuador,isla-santa-cruz,,,,
south-america/ecuador/otavalo.html,continent_place_candidate,3,/south-america,Otavalo — A Tog's Trek,south-america,ecuador,otavalo,,,,
south-america/ecuador/quito.html,continent_place_candidate,3,/south-america,Quito — A Tog's Trek,south-america,ecuador,quito,,,,
south-america/ecuador/tulcan.html,continent_place_candidate,3,/south-america,Tulcan — A Tog's Trek,south-america,ecuador,tulcan,,,,
south-america/tag/Biblian.html,tag,3,/south-america,Biblian — South America | Explore Vibrant Adventures — A Tog's Trek,south-america,,,,,,
south-america/tag/Buenos+Aires.html,tag,3,/south-america,Buenos Aires — South America | Explore Vibrant Adventures — A Tog's Trek,south-america,,,,,,
south-america/tag/Cape+Horn.html,tag,3,/south-america,Cape Horn — South America | Explore Vibrant Adventures — A Tog's Trek,south-america,,,,,,
south-america/tag/Cemetary.html,tag,3,/south-america,Cemetary — South America | Explore Vibrant Adventures — A Tog's Trek,south-america,,,,,,
south-america/tag/Colombia.html,tag,3,/south-america,Colombia — South America | Explore Vibrant Adventures — A Tog's Trek,south-america,,,,,,
south-america/tag/Cuenca.html,tag,3,/south-america,Cuenca — South America | Explore Vibrant Adventures — A Tog's Trek,south-america,,,,,,
south-america/tag/El+Calafate.html,tag,3,/south-america,El Calafate — South America | Explore Vibrant Adventures — A Tog's Trek,south-america,,,,,,
south-america/tag/Galapagos.html,tag,3,/south-america,Galapagos — South America | Explore Vibrant Adventures — A Tog's Trek,south-america,,,,,,
south-america/tag/Glaciar+Martel.html,tag,3,/south-america,Glaciar Martel — South America | Explore Vibrant Adventures — A Tog's Trek,south-america,,,,,,
south-america/tag/Incan+Ruin.html,tag,3,/south-america,Incan Ruin — South America | Explore Vibrant Adventures — A Tog's Trek,south-america,,,,,,
south-america/tag/Ingapirca.html,tag,3,/south-america,Ingapirca — South America | Explore Vibrant Adventures — A Tog's Trek,south-america,,,,,,
south-america/tag/Isla+Floreana.html,tag,3,/south-america,Isla Floreana — South America | Explore Vibrant Adventures — A Tog's Trek,south-america,,,,,,
south-america/tag/Isla+Isabela.html,tag,3,/south-america,Isla Isabela — South America | Explore Vibrant Adventures — A Tog's Trek,south-america,,,,,,
south-america/tag/Isla+Santa+Cruz.html,tag,3,/south-america,Isla Santa Cruz — South America | Explore Vibrant Adventures — A Tog's Trek,south-america,,,,,,
south-america/tag/Isla+de+San+Cristobal.html,tag,3,/south-america,Isla de San Cristobal — South America | Explore Vibrant Adventures — A Tog's Trek,south-america,,,,,,
south-america/tag/Las+Lajas.html,tag,3,/south-america,Las Lajas — South America | Explore Vibrant Adventures — A Tog's Trek,south-america,,,,,,
south-america/tag/Otavalo.html,tag,3,/south-america,Otavalo — South America | Explore Vibrant Adventures — A Tog's Trek,south-america,,,,,,
south-america/tag/Parque+Nacional+Tierra+del+Fuego.html,tag,3,/south-america,Parque Nacional Tierra del Fuego — South America | Explore Vibrant Adventures — A Tog's Trek,south-america,,,,,,
south-america/tag/Quito.html,tag,3,/south-america,Quito — South America | Explore Vibrant Adventures — A Tog's Trek,south-america,,,,,,
south-america/tag/TT+Chasing+the+Beagle.html,tag,3,/south-america,TT Chasing the Beagle — South America | Explore Vibrant Adventures — A Tog's Trek,south-america,,,,,,
south-america/tag/TT+End+of+the+World.html,tag,3,/south-america,TT End of the World — South America | Explore Vibrant Adventures — A Tog's Trek,south-america,,,,,,
south-america/tag/Tulcan.html,tag,3,/south-america,Tulcan — South America | Explore Vibrant Adventures — A Tog's Trek,south-america,,,,,,
south-america/tag/Ushuaia.html,tag,3,/south-america,Ushuaia — South America | Explore Vibrant Adventures — A Tog's Trek,south-america,,,,,,
south-america.html,root_misc,1,/south-america,South America | Explore Vibrant Adventures — A Tog's Trek,south-america,,,,,,
south-americafb9c.html,root_misc,1,/south-america,South America | Explore Vibrant Adventures — A Tog's Trek,,,,,,,
spain.html,root_misc,1,/spain,Spain | Explore Spain's Wonders — A Tog's Trek,,,,,,,
stockholm.html,root_misc,1,/stockholm,Stockholm — A Tog's Trek,,,,,,,
svalbard.html,root_misc,1,/svalbard,Svalbard | Explore Arctic Wonders — A Tog's Trek,,,,,,,
sweden.html,root_misc,1,/sweden,Sweden | Discover Sweden Now! — A Tog's Trek,,,,,,,
switzerland.html,root_misc,1,/switzerland,Switzerland | Explore Swiss Wonders — A Tog's Trek,,,,,,,
tag/index.html,root_misc,2,,A Tog's Trek,,,,,,,
tanzania.html,root_misc,1,/tanzania,Tanzania — A Tog's Trek,,,,,,,
thailand.html,root_misc,1,/thailand,Thailand | Explore Thai Adventures — A Tog's Trek,,,,,,,
tiveden.html,root_misc,1,/tiveden,Tiveden | Explore Sweden's Wilderness — A Tog's Trek,,,,,,,
tunisia.html,root_misc,1,/tunisia,Tunisia | Explore Tunisia Now — A Tog's Trek,,,,,,,
turkey.html,root_misc,1,,,,,,,,,
uganda.html,root_misc,1,/uganda,Uganda | Explore Uganda's Wonders — A Tog's Trek,,,,,,,
ukraine.html,root_misc,1,/ukraine,Ukraine | Explore Ukrainian Adventures — A Tog's Trek,,,,,,,
united-kingdom/england.html,root_misc,2,/united-kingdom/england,England | Discover England's Beauty — A Tog's Trek,,,,,,,
united-kingdom/northern-ireland.html,root_misc,2,/united-kingdom/northern-ireland,Northern Ireland | Discover Hidden Wonders — A Tog's Trek,,,,,,,
united-kingdom/scotland.html,root_misc,2,/united-kingdom/scotland,Scotland | Explore Scottish Heritage — A Tog's Trek,,,,,,,
united-kingdom/wales.html,root_misc,2,/united-kingdom/wales,Explore Wales — A Tog's Trek,,,,,,,
united-kingdom.html,root_misc,1,/united-kingdom,United Kingdom | Discover Your Adventure — A Tog's Trek,,,,,,,
united-states-of-america/california.html,root_misc,2,/united-states-of-america/california,California | Explore Iconic Destinations — A Tog's Trek,,,,,,,
united-states-of-america/new-york.html,root_misc,2,/united-states-of-america/new-york,New York | Explore New York Now — A Tog's Trek,,,,,,,
united-states-of-america/texas.html,root_misc,2,/united-states-of-america/texas,Texas | Explore Texas Adventures — A Tog's Trek,,,,,,,
united-states-of-america.html,root_misc,1,/united-states-of-america,United States of America | Discover American Treasures — A Tog's Trek,,,,,,,
uppsala.html,root_misc,1,/uppsala,Uppsala | Explore Uppsala Now — A Tog's Trek,,,,,,,
varmland.html,root_misc,1,/varmland,Värmland | Discover Nature's Wonders — A Tog's Trek,,,,,,,
vasterbotten.html,root_misc,1,/vasterbotten,Västerbotten | Explore Västerbotten Now — A Tog's Trek,,,,,,,
vasternorrland.html,root_misc,1,/vasternorrland,Västernorrland | Explore Västernorrland Today — A Tog's Trek,,,,,,,
vastmanland.html,root_misc,1,/vastmanland,Västmanland | Explore Västmanland Now — A Tog's Trek,,,,,,,
vastra-gotaland.html,root_misc,1,/vastra-gotaland,Västra Götaland | Explore Swedish Wonders — A Tog's Trek,,,,,,,
wiltshire.html,root_misc,1,/wiltshire,Wiltshire | Explore Captivating Journeys — A Tog's Trek,,,,,,,
